2 2215
145 2218
251 2220
357 2144
464 2217
570 2216
676 2217
783 2267
889 2215
996 2216
1103 2214
1209 2214
1315 2216
1422 2214
1528 2218
1634 2203
1741 2217
1847 2214
1953 2228
2061 2215
2167 2214
2274 2216
2380 2210
2486 2217
2593 2215
2699 2216
2805 2211
2912 2219
3019 2219
3125 2215
3232 2207
3338 2215
3444 2215
3551 2215
3657 2199
3763 2214
3870 2215
3976 2215
4083 2215
4190 2214
4296 2215
4402 2213
4509 2214
4615 2212
4721 2216
4828 2216
4934 2221
5042 2217
5148 2216
5254 2229
5361 2216
5467 2216
5573 2216
5680 2203
5786 2219
5892 2216
6000 2217
6106 2217
6212 2217
6319 2218
6425 2215
6531 2183
6638 2216
6744 2216
6850 2213
6957 2148
7064 2214
7171 2216
7277 2219
7383 2169
7490 2218
7596 2217
7702 2216
7809 2221
7915 2217
8022 2216
8129 2212
8235 2218
8341 2217
8448 2218
8554 2209
8660 2220
8767 2220
8873 2216
8979 2221
9086 2219
9192 2217
9298 2221
9405 2216
9511 2218
9617 2220
9724 2217
9830 2229
9936 2218
10044 2219
10150 2220
10256 2199
10363 2217
10469 2220
10575 2220
10682 2304
10788 2219
10894 2220
11002 2221
11108 2255
11215 2218
11321 2218
11427 2219
11534 2214
11640 2220
11746 2218
11853 2217
11959 2219
12066 2217
12173 2221
12279 2219
12385 2219
12492 2219
12598 2220
12704 2199
12811 2218
12917 2220
13024 2219
13131 2230
13237 2219
13343 2215
13450 2219
13556 2168
13662 2220
13769 2221
13875 2219
13981 2219
14089 2220
14195 2221
14302 2218
14408 2083
14514 2219
14621 2215
14727 2220
14833 2214
14940 2218
15047 2215
15153 2215
15260 2215
15366 2219
15472 2219
15579 2221
15685 2218
15791 2221
15898 2218
16005 2207
16111 2219
16218 2218
16324 2217
16430 2196
16537 2216
16643 2217
16749 2218
16856 2215
16962 2219
17070 2217
17176 2219
17282 2187
17389 2217
17495 2218
17601 2215
17708 2221
17814 2218
17920 2218
18028 2218
18134 2215
18240 2216
18347 2216
18453 2215
18559 2216
18666 2219
18772 2216
18878 2210
18986 2218
19092 2216
19198 2218
19305 2216
19411 2216
19517 2216
19624 2216
19730 2221
19836 2215
19943 2218
20050 2214
20157 2106
20263 2217
20369 2212
20476 2218
20582 2233
20688 2214
20795 2218
20901 2215
21008 2215
21115 2215
21221 2216
21327 2218
21434 2213
21540 2215
21646 2216
21753 2218
21859 2214
21965 2215
22073 2216
22179 2205
22285 2217
22392 2216
22498 2217
22604 2213
22711 2216
22817 2215
22923 2217
23031 2175
23137 2216
23244 2215
23350 2216
23456 2295
23563 2216
23669 2214
23775 2217
23882 2192
23989 2218
24095 2216
24202 2217
24308 2226
24414 2217
24521 2218
24627 2216
24733 2214
24840 2217
24946 2215
25053 2210
25160 2219
25266 2217
25372 2217
25479 2222
25585 2217
25691 2215
25798 2214
25904 2216
26012 2218
26118 2216
26224 2217
26331 2353
26437 2217
26543 2217
26650 2217
26756 2211
26862 2214
26969 2217
27076 2215
27182 2296
27289 2217
27395 2216
27501 2216
27608 2232
27714 2216
27820 2218
27927 2216
28034 2213
28140 2217
28247 2215
28353 2223
28459 2216
28566 2214
28672 2220
28778 2218
28885 2217
28992 2218
29099 2216
29205 2226
29311 2218
29418 2220
29524 2216
29630 2231
29737 2219
29843 2217
29949 2222
30057 2311
30163 2216
30269 2217
30376 2220
30482 2217
30588 2216
30695 2217
30801 2219
30907 2218
31015 2216
31121 2218
31227 2218
31334 2218
31440 2220
31546 2215
31653 2217
31759 2217
31865 2220
31972 2220
32079 2224
32186 2221
32292 2219
32398 2219
32505 2231
32611 2218
32717 2218
32824 2217
32930 2219
33037 2216
33144 2223
33250 2218
33356 2271
33463 2219
33569 2219
33675 2222
33782 2218
33888 2219
33996 2222
34102 2217
34208 2220
34315 2219
34421 2219
34527 2220
34634 2221
34740 2219
34846 2216
34953 2234
35060 2217
35166 2216
35273 2220
35379 2221
35485 2219
35592 2216
35698 2219
35804 2212
35911 2218
36018 2219
36124 2216
36231 2213
36337 2218
36443 2217
36550 2216
36656 2303
36762 2220
36869 2216
36975 2219
37083 2218
37189 2218
37295 2219
37402 2217
37508 2217
37614 2217
37721 2218
37827 2219
37933 2216
38041 2220
38147 2216
38253 2203
38360 2218
38466 2218
38572 2216
38679 2216
38785 2216
38891 2215
38999 2219
39105 2217
39211 2213
39318 2217
39424 2217
39530 2231
39637 2217
39743 2217
39849 2217
39956 2173
40063 2216
40170 2219
40276 2219
40382 2302
40489 2216
40595 2218
40701 2215
40808 2218
40914 2216
41021 2217
41128 2206
41234 2215
41340 2216
41447 2215
41553 2214
41659 2218
41766 2215
41872 2217
41978 2216
42085 2216
42192 2217
42298 2218
42404 2224
42511 2215
42617 2217
42723 2215
42830 2228
42936 2215
43043 2218
43150 2215
43256 2257
43362 2216
43469 2213
43575 2218
43681 2183
43788 2214
43894 2214
44002 2216
44108 2220
44214 2214
44321 2215
44427 2214
44533 2218
44640 2216
44746 2217
44852 2216
44959 2216
45066 2216
45172 2213
45279 2215
45385 2216
45491 2216
45598 2217
45704 2213
45810 2217
45917 2220
46024 2216
46130 2207
46237 2216
46343 2215
46449 2220
46556 2192
46662 2217
46768 2215
46875 2219
46981 2251
47088 2216
47195 2217
47301 2215
47407 2216
47514 2217
47620 2217
47726 2217
47833 2217
47939 2219
48047 2217
48153 2211
48259 2217
48366 2218
48472 2219
48578 2223
48685 2219
48791 2216
48897 2219
49005 2217
49111 2215
49217 2216
49324 2219
49430 2480
49536 2217
49643 2222
49749 2218
49855 2239
49962 2220
50069 2215
50176 2220
50282 2386
50388 2220
50495 2217
50601 2218
50707 2210
50814 2217
50920 2221
51027 2223
51134 2219
51240 2221
51346 2222
51453 2213
51559 2215
51665 2220
51772 2220
51878 2219
51985 2218
52092 2217
52198 2217
52304 2214
52411 2220
52517 2223
52623 2215
52730 2222
52836 2218
52942 2221
53050 2220
53156 2246
53263 2219
53369 2218
53475 2219
53582 2223
53688 2218
53794 2221
53901 2225
54008 2218
54114 2215
54221 2216
54327 2217
54433 2216
54540 2219
54646 2220
54752 2232
54859 2217
54965 2221
55072 2217
55179 2219
55285 2218
55391 2217
55498 2217
55604 2217
55710 2217
55817 2217
55923 2220
56031 2218
56137 2218
56243 2217
56350 2218
56456 2221
56562 2219
56669 2218
56775 2217
56881 2217
56989 2220
57095 2218
57201 2215
57308 2219
57414 2219
57520 2214
57627 2221
57733 2220
57839 2218
57946 2216
58053 2216
58159 2217
58266 2216
58372 2219
58478 2220
58585 2218
58691 2216
58797 2219
58904 2219
59011 2219
59118 2219
59224 2214
59330 2278
59437 2218
59543 2217
59649 2217
59756 2156
59862 2219
59968 2215
60076 2216
60182 2213
60288 2217
60395 2217
60501 2214
60607 2214
60714 2214
60820 2218
60926 2216
61034 2215
61140 2219
61246 2217
61353 2218
61459 2216
61565 2220
61672 2214
61778 2214
61884 2217
61992 2215
62098 2216
62205 2225
62311 2217
62417 2216
62524 2216
62630 2209
62736 2215
62843 2215
62949 2214
63056 2287
63163 2219
63269 2214
63375 2216
63482 2195
63588 2217
63694 2217
63801 2215
63907 2216
64014 2215
64121 2217
64227 2196
64333 2215
64440 2214
64546 2216
64652 2214
64759 2215
64865 2214
64971 2216
65079 2216
65185 2218
65292 2218
65398 2214
65504 2216
65611 2216
65717 2218
65823 2216
65930 2215
66037 2218
66143 2219
66250 2218
66356 2262
66462 2218
66569 2215
66675 2218
66781 2235
66888 2218
66995 2218
67101 2218
67208 2219
67314 2219
67420 2218
67527 2219
67633 2216
67739 2220
67846 2217
67952 2215
68060 2218
68166 2218
68272 2218
68379 2216
68485 2220
68591 2216
68698 2217
68804 2230
68910 2220
69018 2219
69124 2214
69230 2284
69337 2219
69443 2217
69549 2217
69656 2160
69762 2220
69868 2218
69975 2219
70082 2217
70189 2218
70295 2218
70401 2216
70508 2222
70614 2219
70720 2217
70827 2210
70933 2221
71040 2220
71147 2218
71253 2219
71359 2216
71466 2218
71572 2218
71678 2224
71785 2219
71891 2216
71998 2216
72105 2201
72211 2218
72317 2219
72424 2216
72530 2239
72636 2218
72743 2219
72849 2217
72955 2219
73063 2218
73169 2219
73276 2220
73382 2218
73488 2217
73595 2217
73701 2216
73807 2218
73914 2216
74021 2220
74127 2216
74234 2221
74340 2220
74446 2218
74553 2223
74659 2220
74765 2217
74872 2215
74978 2223
75085 2220
75192 2218
75298 2219
75404 2217
75511 2218
75617 2219
75723 2217
75830 2295
75936 2217
76044 2217
76150 2218
76256 2341
76363 2216
76469 2214
76575 2220
76682 2214
76788 2215
76894 2218
77002 2227
77108 2221
77214 2218
77321 2217
77427 2218
77533 2215
77640 2219
77746 2217
77852 2218
77959 2218
78066 2218
78172 2220
78279 2232
78385 2216
78491 2220
78598 2219
78704 2222
78810 2215
78917 2215
79024 2215
79131 2225
79237 2214
79343 2214
79450 2213
79556 2405
79662 2217
79769 2220
79875 2216
79981 2215
80089 2217
80195 2217
80301 2204
80408 2217
80514 2217
80620 2215
80727 2227
80833 2214
80939 2217
81047 2215
81153 2216
81260 2218
81366 2216
81472 2217
81579 2212
81685 2217
81791 2216
81898 2217
82005 2135
82111 2215
82218 2217
82324 2216
82430 2170
82537 2214
82643 2215
82749 2218
82856 2213
82962 2217
83069 2215
83176 2217
83282 2218
83388 2216
83495 2216
83601 2209
83707 2217
83814 2215
83920 2215
84028 2217
84134 2215
84240 2218
84347 2217
84453 2214
84559 2213
84666 2213
84772 2216
84878 2212
84986 2218
85092 2218
85198 2215
85305 2298
85411 2216
85517 2218
85624 2216
85730 2222
85836 2216
85943 2217
86050 2216
86156 2215
86263 2216
86369 2216
86475 2216
86582 2217
86688 2217
86794 2217
86901 2218
87008 2217
87115 2217
87221 2216
87327 2214
87434 2216
87540 2219
87646 2216
87753 2229
87859 2216
87965 2219
88073 2218
88179 2207
88285 2220
88392 2215
88498 2218
88604 2316
88711 2216
88817 2219
88923 2219
89031 2267
89137 2217
89243 2219
89350 2218
89456 2213
89562 2216
89669 2217
89775 2220
89881 2216
89989 2216
90095 2221
90202 2216
90308 2218
90414 2215
90521 2218
90627 2222
90733 2218
90840 2217
90946 2217
91053 2218
91160 2218
91266 2220
91372 2221
91479 2265
91585 2216
91691 2218
91798 2221
91904 2220
92011 2219
92118 2219
92224 2219
92330 2318
92437 2218
92543 2218
92649 2220
92756 2195
92862 2218
92968 2217
93076 2206
93182 2220
93289 2220
93395 2221
93501 2220
93608 2218
93714 2217
93820 2219
93927 2218
94034 2222
94140 2219
94247 2215
94353 2240
94459 2219
94566 2221
94672 2218
94778 2216
94885 2219
94992 2220
95098 2219
95205 2152
95311 2219
95417 2218
95524 2217
95630 2111
95736 2218
95843 2215
95949 2206
96057 2217
96163 2220
96269 2221
96376 2216
96482 2220
96588 2223
96695 2218
96801 2223
96907 2220
97015 2219
97121 2218
97227 2218
97334 2219
97440 2217
97546 2217
97653 2222
97759 2218
97865 2213
97972 2221
98079 2185
98186 2217
98292 2218
98398 2214
98505 2317
98611 2217
98717 2216
98824 2216
98930 2218
99037 2217
99144 2211
99250 2218
99356 2215
99463 2214
99569 2221
99675 2218
99782 2218
99888 2215
99995 2217
100102 2223
100208 2214
100314 2218
100421 2216
100527 2215
100633 2216
100740 2216
100846 2216
100952 2213
101060 2215
101166 2216
101273 2217
101379 2224
101485 2217
101592 2215
101698 2214
101804 2159
101911 2216
102018 2218
102124 2215
102231 2218
102337 2217
102443 2220
102550 2216
102656 2212
102762 2215
102869 2219
102975 2217
103082 2217
103189 2216
103295 2216
103401 2216
103508 2216
103614 2215
103720 2214
103827 2215
103933 2215
104041 2218
104147 2217
104253 2172
104360 2216
104466 2218
104572 2216
104679 2203
104785 2217
104891 2214
104999 2216
105105 2229
105211 2216
105318 2218
105424 2216
105530 2204
105637 2217
105743 2220
105849 2217
105956 2218
106063 2217
106169 2217
106276 2204
106382 2219
106488 2217
106595 2217
106701 2217
106807 2219
106914 2215
107021 2220
107128 2215
107234 2213
107340 2217
107447 2214
107553 2221
107659 2217
107766 2218
107872 2218
107978 2243
108085 2215
108192 2215
108298 2220
108404 2215
108511 2218
108617 2218
108723 2219
108830 2259
108936 2219
109044 2216
109150 2218
109256 2219
109363 2220
109469 2219
109575 2218
109682 2218
109788 2219
109894 2220
110002 2218
110108 2219
110214 2215
110321 2216
110427 2204
110533 2217
110640 2219
110746 2217
110852 2217
110959 2217
111066 2219
111172 2218
111279 2141
111385 2219
111491 2217
111598 2219
111704 2170
111810 2217
111917 2219
112024 2218
112131 2219
112237 2217
112343 2218
112450 2218
112556 2219
112662 2221
112769 2218
112875 2218
112981 2214
113089 2218
113195 2218
113301 2219
113408 2222
113514 2219
113620 2219
113727 2222
113833 2217
113939 2220
114047 2222
114153 2271
114260 2216
114366 2216
114472 2220
114579 2106
114685 2219
114791 2218
114898 2218
115005 2258
115111 2219
115218 2217
115324 2217
115430 2219
115537 2216
115643 2220
115749 2221
115856 2214
115962 2218
116069 2214
116176 2215
116282 2218
116388 2216
116495 2217
116601 2214
116707 2217
116814 2218
116920 2218
117028 2219
117134 2217
117240 2221
117347 2218
117453 2114
117559 2216
117666 2217
117772 2219
117878 2214
117986 2220
118092 2217
118198 2213
118305 2311
118411 2217
118517 2219
118624 2217
118730 2229
118836 2217
118943 2214
119050 2242
119156 2217
119263 2218
119369 2215
119475 2213
119582 2218
119688 2212
119794 2218
119901 2220
120008 2222
120115 2219
120221 2218
120327 2234
120434 2213
120540 2218
120646 2216
120753 2203
120859 2212
120965 2218
121073 2217
121179 2252
121285 2218
121392 2213
121498 2220
121604 2221
121711 2217
121817 2218
121923 2216
122031 2217
122137 2217
122243 2217
122350 2216
122456 2215
122562 2216
122669 2217
122775 2204
122881 2215
122989 2218
123095 2213
123202 2217
123308 2217
123414 2215
123521 2215
123627 2217
123733 2215
123840 2215
123946 2217
124053 2156
124160 2215
124266 2218
124372 2215
124479 2259
124585 2217
124691 2214
124798 2216
124904 2216
125011 2217
125118 2217
125224 2208
125330 2217
125437 2217
125543 2216
125649 2217
125756 2217
125862 2215
125968 2216
126076 2211
126182 2217
126289 2217
126395 2216
126501 2217
126608 2217
126714 2214
126820 2218
126927 2217
127034 2218
127140 2216
127247 2215
127353 2225
127459 2218
127566 2213
127672 2216
127778 2138
127885 2217
127992 2217
128098 2219
128205 2219
128311 2216
128417 2218
128524 2217
128630 2219
128736 2217
128843 2218
128949 2220
129057 2222
129163 2218
129269 2218
129376 2219
129482 2204
129588 2219
129695 2219
129801 2218
129907 2219
130015 2218
130121 2216
130227 2288
130334 2218
130440 2218
130546 2217
130653 2206
130759 2220
130865 2215
130972 2221
131079 2189
131186 2223
131292 2220
131398 2216
131505 2278
131611 2218
131717 2219
131824 2216
131930 2219
132037 2220
132144 2218
132250 2220
132356 2221
132463 2220
132569 2217
132675 2220
132782 2222
132888 2219
132995 2218
133102 2224
133208 2215
133314 2217
133421 2218
133527 2222
133633 2219
133740 2217
133846 2219
133952 2221
134060 2218
134166 2220
134273 2217
134379 2223
134485 2220
134592 2218
134698 2220
134804 2177
134911 2219
135018 2220
135124 2219
135231 2218
135337 2216
135443 2218
135550 2205
135656 2216
135762 2218
135869 2219
135975 2218
136082 2218
136189 2219
136295 2217
136401 2228
136508 2220
136614 2217
136720 2218
136827 2237
136933 2216
137041 2218
137147 2216
137253 2176
137360 2218
137466 2217
137572 2218
137679 2221
137785 2216
137891 2217
137999 2215
138105 2217
138211 2217
138318 2217
138424 2217
138530 2219
138637 2218
138743 2218
138849 2215
138956 2216
139063 2216
139169 2217
139276 2213
139382 2216
139488 2217
139595 2217
139701 2207
139807 2216
139914 2215
140021 2218
140128 2222
140234 2219
140340 2217
140447 2218
140553 2112
140659 2215
140766 2217
140872 2217
140978 2224
141085 2213
141192 2215
141298 2217
141404 2214
141511 2213
141617 2216
141723 2215
141830 2217
141936 2216
142044 2216
142150 2218
142256 2215
142363 2217
142469 2217
142575 2211
142682 2215
142788 2215
142894 2216
143002 2213
143108 2217
143214 2209
143321 2217
143427 2350
143533 2215
143640 2217
143746 2212
143852 2239
143959 2217
144066 2218
144172 2217
144279 2216
144385 2216
144491 2223
144598 2215
144704 2228
144810 2214
144917 2218
145024 2215
145131 2216
145237 2214
145343 2215
145450 2201
145556 2218
145662 2218
145769 2216
145875 2222
145981 2216
146089 2216
146195 2217
146301 2216
146408 2220
146514 2217
146620 2216
146727 2203
146833 2214
146939 2218
147047 2214
147153 2220
147260 2214
147366 2214
147472 2215
147579 2217
147685 2215
147791 2215
147898 2217
148005 2217
148111 2217
148218 2219
148324 2219
148430 2217
148537 2217
148643 2218
148749 2210
148856 2215
148962 2218
149069 2215
149176 2220
149282 2218
149388 2218
149495 2218
149601 2219
149707 2217
149814 2216
149920 2216
150028 2240
150134 2216
150240 2217
150347 2218
150453 2300
150559 2216
150666 2217
150772 2218
150878 2118
150986 2224
151092 2219
151198 2215
151305 2220
151411 2220
151517 2218
151624 2218
151730 2220
151836 2217
151943 2219
152050 2205
152156 2219
152263 2221
152369 2216
152475 2221
152582 2220
152688 2217
152794 2220
152901 2218
153008 2219
153115 2219
153221 2216
153327 2238
153434 2219
153540 2219
153646 2219
153753 2223
153859 2217
153965 2220
154073 2217
154179 2223
154285 2217
154392 2217
154498 2219
154604 2221
154711 2217
154817 2217
154923 2220
155031 2217
155137 2220
155243 2218
155350 2213
155456 2218
155562 2219
155669 2218
155775 2221
155881 2220
155989 2218
156095 2219
156202 2217
156308 2221
156414 2212
156521 2218
156627 2270
156733 2219
156840 2217
156946 2216
157053 2185
157160 2217
157266 2220
157372 2217
157479 2220
157585 2215
157691 2220
157798 2218
157904 2214
158011 2218
158118 2216
158224 2223
158330 2220
158437 2217
158543 2215
158649 2217
158756 2215
158862 2215
158968 2214
159076 2218
159182 2226
159289 2217
159395 2220
159501 2215
159608 2214
159714 2217
159820 2213
159927 2216
160034 2218
160140 2218
160247 2216
160353 2197
160459 2216
160566 2216
160672 2219
160778 2140
160885 2217
160992 2216
161098 2215
161205 2217
161311 2216
161417 2216
161524 2241
161630 2217
161736 2216
161843 2216
161949 2221
162057 2215
162163 2217
162269 2217
162376 2229
162482 2218
162588 2217
162695 2215
162801 2238
162907 2217
163015 2217
163121 2217
163227 2300
163334 2216
163440 2216
163546 2214
163653 2253
163759 2217
163865 2214
163972 2218
164079 2212
164186 2218
164292 2217
164398 2214
164505 2217
164611 2217
164717 2218
164824 2216
164930 2217
165037 2214
165144 2216
165250 2208
165356 2216
165463 2217
165569 2215
165675 2209
165782 2222
165888 2215
165995 2215
166102 2219
166208 2217
166314 2216
166421 2217
166527 2156
166633 2214
166740 2219
166846 2214
166952 2287
167060 2214
167166 2216
167273 2217
167379 2216
167485 2219
167592 2216
167698 2217
167804 2219
167911 2219
168018 2220
168124 2217
168231 2217
168337 2216
168443 2217
168550 2212
168656 2217
168762 2217
168869 2219
168975 2216
169082 2217
169189 2219
169295 2218
169401 2274
169508 2220
169614 2217
169720 2218
169827 2249
169933 2217
170041 2217
170147 2216
170253 2207
170360 2217
170466 2215
170572 2211
170679 2228
170785 2217
170891 2218
170999 2214
171105 2217
171211 2217
171318 2219
171424 2212
171530 2219
171637 2219
171743 2220
171849 2232
171956 2219
172063 2216
172169 2217
172276 2221
172382 2220
172488 2217
172595 2219
172701 2298
172807 2220
172914 2219
173021 2219
173128 2225
173234 2216
173340 2223
173447 2220
173553 2218
173659 2221
173766 2221
173872 2221
173978 2185
174085 2219
174192 2218
174298 2221
174404 2220
174511 2216
174617 2215
174723 2212
174830 2212
174936 2216
175044 2218
175150 2218
175256 2218
175363 2220
175469 2218
175575 2221
175682 2219
175788 2218
175894 2219
176002 2110
176108 2221
176214 2216
176321 2216
176427 2230
176533 2216
176640 2216
176746 2220
176852 2222
176959 2218
177066 2219
177172 2220
177279 2215
177385 2218
177491 2218
177598 2216
177704 2214
177810 2215
177917 2219
178024 2216
178131 2219
178237 2215
178343 2214
178450 2216
178556 2217
178662 2218
178769 2213
178875 2209
178981 2218
179089 2216
179195 2217
179301 2221
179408 2211
179514 2216
179620 2215
179727 2144
179833 2216
179939 2218
180047 2216
180153 2200
180260 2218
180366 2215
180472 2219
180579 2220
180685 2214
180791 2216
180898 2216
181005 2217
181111 2213
181218 2216
181324 2198
181430 2214
181537 2217
181643 2219
181749 2216
181856 2216
181962 2217
182069 2215
182176 2214
182282 2216
182388 2215
182495 2216
182601 2116
182707 2217
182814 2218
182920 2214
183028 2142
183134 2213
183240 2217
183347 2215
183453 2176
183559 2216
183666 2214
183772 2219
183878 2211
183986 2219
184092 2214
184198 2215
184305 2218
184411 2215
184517 2214
184624 2215
184730 2217
184836 2214
184943 2217
185050 2219
185156 2215
185263 2220
185369 2216
185475 2215
185582 2216
185688 2215
185794 2218
185901 2219
186008 2218
186115 2218
186221 2216
186327 2258
186434 2214
186540 2216
186646 2217
186753 2183
186859 2219
186965 2218
187073 2217
187179 2219
187285 2217
187392 2216
187498 2198
187604 2219
187711 2214
187817 2219
187923 2216
188031 2219
188137 2218
188243 2218
188350 2233
188456 2217
188562 2221
188669 2218
188775 2218
188881 2217
188989 2217
189095 2218
189202 2263
189308 2221
189414 2217
189521 2216
189627 2297
189733 2220
189840 2217
189946 2208
190053 2215
190160 2217
190266 2221
190372 2216
190479 2218
190585 2217
190691 2217
190798 2220
190904 2218
191011 2219
191118 2218
191224 2211
191330 2219
191437 2219
191543 2214
191649 2222
191756 2219
191862 2217
191968 2217
192076 2219
192182 2216
192289 2219
192395 2218
192501 2319
192608 2220
192714 2219
192820 2219
192927 2219
193034 2219
193140 2219
193247 2216
193353 2216
193459 2220
193566 2217
193672 2218
193778 2220
193885 2219
193992 2220
194098 2216
194205 2220
194311 2219
194417 2220
194524 2205
194630 2218
194736 2217
194843 2218
194949 2223
195057 2218
195163 2221
195269 2218
195376 2048
195482 2221
195588 2220
195695 2217
195801 2239
195907 2220
196015 2218
196121 2218
196227 2395
196334 2215
196440 2218
196546 2218
196653 2227
196759 2219
196865 2214
196972 2221
197079 2217
197186 2220
197292 2219
197398 2208
197505 2219
197611 2217
197717 2214
197824 2219
197930 2217
198037 2216
198144 2217
198250 2215
198356 2217
198463 2218
198569 2216
198675 2313
198782 2216
198888 2215
198995 2218
199102 2215
199208 2216
199314 2217
199421 2216
199527 2229
199633 2215
199740 2218
199846 2215
199952 2211
200060 2217
200166 2218
200273 2217
200379 2215
200485 2219
200592 2214
200698 2224
200804 2217
200911 2217
201018 2218
201124 2204
201231 2213
201337 2215
201443 2217
201550 2226
201656 2216
201762 2217
201869 2214
201975 2216
202082 2217
202189 2216
202295 2215
202401 2211
202508 2221
202614 2215
202720 2214
202827 2245
202933 2215
203041 2217
203147 2217
203253 2215
203360 2217
203466 2216
203572 2218
203679 2215
203785 2218
203891 2215
203999 2213
204105 2214
204211 2219
204318 2215
204424 2218
204530 2215
204637 2216
204743 2218
204849 2233
204956 2215
205063 2214
205169 2216
205276 2273
205382 2214
205488 2215
205595 2217
205701 2133
205807 2216
205914 2217
206021 2215
206128 2224
206234 2215
206340 2219
206447 2218
206553 2214
206659 2217
206766 2218
206872 2218
206978 2215
207085 2215
207192 2215
207298 2218
207404 2216
207511 2214
207617 2217
207723 2225
207830 2216
207936 2216
208044 2214
208150 2208
208256 2217
208363 2218
208469 2217
208575 2350
208682 2217
208788 2220
208894 2217
209002 2221
209108 2218
209214 2215
209321 2218
209427 2180
209533 2214
209640 2219
209746 2218
209852 2217
209959 2217
210066 2218
210172 2209
210279 2216
210385 2219
210491 2219
210598 2224
210704 2218
210810 2218
210917 2220
211024 2215
211131 2220
211237 2217
211343 2218
211450 2213
211556 2218
211662 2219
211769 2220
211875 1955
211981 2219
212089 2217
212195 2216
212301 2130
212408 2216
212514 2219
212620 2216
212727 2215
212833 2219
212939 2221
213047 2219
213153 2221
213260 2220
213366 2222
213472 2216
213579 2220
213685 2217
213791 2217
213898 2222
214005 2217
214111 2218
214218 2221
214324 2218
214430 2219
214537 2220
214643 2219
214749 2218
214856 2216
214962 2217
215069 2220
215176 2144
215282 2217
215388 2219
215495 2218
215601 2273
215707 2222
215814 2217
215920 2219
216028 2220
216134 2216
216240 2217
216347 2220
216453 2216
216559 2218
216666 2217
216772 2220
216878 2215
216986 2221
217092 2218
217198 2217
217305 2216
217411 2217
217517 2216
217624 2222
217730 2220
217836 2219
217943 2215
218050 2195
218156 2216
218263 2218
218369 2215
218475 2286
218582 2220
218688 2214
218794 2220
218901 2219
219008 2219
219115 2220
219221 2215
219327 2213
219434 2216
219540 2217
219646 2213
219753 2216
219859 2217
219965 2216
220073 2216
220179 2210
220285 2218
220392 2215
220498 2203
220604 2219
220711 2215
220817 2216
220923 2217
221031 2216
221137 2216
221243 2216
221350 2403
221456 2215
221562 2216
221669 2215
221775 2224
221881 2215
221989 2215
222095 2218
222202 2364
222308 2219
222414 2214
222521 2215
222627 2190
222733 2215
222840 2214
222946 2213
223053 2216
223160 2215
223266 2220
223372 2232
223479 2216
223585 2217
223691 2214
223798 2200
223904 2216
224011 2218
224118 2216
224224 2216
224330 2217
224437 2216
224543 2214
224649 2218
224756 2217
224862 2218
224968 2221
225076 2205
225182 2215
225289 2213
225395 2216
225501 2311
225608 2219
225714 2216
225820 2216
225927 2216
226034 2217
226140 2218
226247 2213
226353 2219
226459 2216
226566 2217
226672 2215
226778 2218
226885 2218
226992 2219
227098 2212
227205 2216
227311 2213
227417 2218
227524 2218
227630 2218
227736 2217
227843 2217
227949 2126
228057 2217
228163 2220
228269 2218
228376 2139
228482 2219
228588 2217
228695 2216
228801 2222
228907 2219
229015 2219
229121 2215
229227 2217
229334 2217
229440 2217
229546 2217
229653 2218
229759 2219
229865 2216
229972 2199
230079 2217
230186 2219
230292 2221
230398 2218
230505 2219
230611 2219
230717 2219
230824 2214
230930 2216
231037 2217
231144 2221
231250 2231
231356 2220
231463 2218
231569 2216
231675 2321
231782 2220
231888 2217
231995 2221
232102 2214
232208 2218
232314 2217
232421 2219
232527 2215
232633 2215
232740 2220
232846 2217
232952 2216
233060 2216
233166 2218
233273 2223
233379 2219
233485 2221
233592 2216
233698 2222
233804 2220
233911 2217
234018 2220
234124 2284
234231 2215
234337 2216
234443 2219
234550 2219
234656 2218
234762 2218
234869 2218
234975 2265
235082 2219
235189 2218
235295 2218
235401 2208
235508 2221
235614 2217
235720 2215
235827 2217
235933 2219
236041 2217
236147 2223
236253 2216
236360 2218
236466 2218
236572 2216
236679 2218
236785 2218
236891 2218
236999 2211
237105 2219
237211 2216
237318 2219
237424 2204
237530 2217
237637 2218
237743 2220
237849 2384
237956 2220
238063 2216
238169 2218
238276 2217
238382 2215
238488 2218
238595 2215
238701 2253
238807 2219
238914 2215
239021 2217
239128 2218
239234 2215
239340 2216
239447 2195
239553 2213
239659 2219
239766 2220
239872 2231
239978 2216
240085 2216
240192 2216
240298 2215
240404 2216
240511 2216
240617 2218
240723 2217
240830 2218
240936 2216
241044 2215
241150 2143
241256 2217
241363 2217
241469 2218
241575 2225
241682 2220
241788 2218
241894 2214
242002 2220
242108 2214
242214 2216
242321 2215
242427 2220
242533 2214
242640 2215
242746 2216
242852 2217
242959 2216
243066 2215
243172 2220
243279 2217
243385 2217
243491 2217
243598 2216
243704 2215
243810 2216
243917 2217
244024 2262
244131 2216
244237 2211
244343 2216
244450 2322
244556 2215
244662 2217
244769 2216
244875 2273
244981 2217
245089 2217
245195 2216
245301 2218
245408 2218
245514 2216
245620 2218
245727 2216
245833 2214
245939 2217
246047 2213
246153 2219
246260 2219
246366 2213
246472 2217
246579 2217
246685 2218
246791 2216
246898 2217
247005 2217
247111 2217
247218 2220
247324 2284
247430 2215
247537 2218
247643 2218
247749 2212
247856 2213
247962 2218
248069 2215
248176 2318
248282 2219
248388 2214
248495 2220
248601 2192
248707 2218
248814 2217
248920 2217
249028 2219
249134 2217
249240 2217
249347 2210
249453 2218
249559 2216
249666 2218
249772 2232
249878 2208
249986 2222
250092 2218
250198 2225
250305 2219
250411 2221
250517 2219
250624 2217
250730 2215
250836 2218
250943 2224
251050 2148
251156 2219
251263 2217
251369 2218
251475 2312
251582 2220
251688 2216
251794 2219
251901 2217
252008 2221
252115 2220
252221 2218
252327 2217
252434 2219
252540 2219
252646 2215
252753 2216
252859 2220
252965 2218
253073 2214
253179 2219
253285 2213
253392 2217
253498 2220
253604 2219
253711 2215
253817 2221
253923 2217
254031 2220
254137 2220
254243 2220
254350 2142
254456 2217
254562 2220
254669 2218
254775 2137
254881 2217
254989 2217
255095 2219
255202 2219
255308 2219
255414 2215
255521 2219
255627 2219
255733 2216
255840 2216
255946 2222
256053 2216
256160 2217
256266 2220
256372 2217
256479 2218
256585 2218
256691 2218
256798 2219
256904 2218
257011 2217
257118 2219
257224 2218
257330 2198
257437 2218
257543 2214
257649 2216
257756 2217
257862 2216
257968 2218
258076 2217
258182 2216
258289 2218
258395 2216
258501 2216
258608 2217
258714 2218
258820 2220
258927 2217
259034 2217
259140 2215
259247 2216
259353 2217
259459 2217
259566 2216
259672 2217
259778 2214
259885 2217
259992 2219
260098 2219
260205 2218
260311 2216
260417 2216
260524 2197
260630 2214
260736 2216
260843 2215
260949 2139
261057 2214
261163 2218
261269 2217
261376 2247
261482 2218
261588 2217
261695 2212
261801 2215
261907 2214
262015 2218
262121 2231
262227 2217
262334 2215
262440 2216
262546 2214
262653 2219
262759 2217
262865 2213
262972 2205
263079 2211
263186 2219
263292 2218
263398 2229
263505 2218
263611 2215
263717 2214
263824 2418
263930 2216
264037 2216
264144 2217
264250 2216
264356 2215
264463 2218
264569 2214
264675 2089
264782 2219
264888 2214
264995 2218
265102 2215
265208 2215
265314 2217
265421 2192
265527 2217
265633 2215
265740 2215
265846 2203
265952 2217
266060 2217
266166 2215
266273 2211
266379 2215
266485 2218
266592 2215
266698 2216
266804 2218
266911 2215
267018 2219
267124 2131
267231 2217
267337 2215
267443 2217
267550 2206
267656 2216
267762 2218
267869 2215
267975 2220
268082 2218
268189 2219
268295 2218
268401 2217
268508 2221
268614 2217
268720 2218
268827 2220
268933 2217
269041 2218
269147 2212
269253 2216
269360 2215
269466 2216
269572 2207
269679 2217
269785 2216
269891 2215
269999 2223
270105 2218
270211 2218
270318 2218
270424 2105
270530 2218
270637 2220
270743 2220
270849 2230
270956 2220
271063 2216
271169 2220
271276 2217
271382 2218
271488 2219
271595 2220
271701 2218
271807 2218
271914 2216
272021 2214
272128 2219
272234 2218
272340 2220
272447 2219
272553 2218
272659 2221
272766 2220
272872 2219
272978 2219
273085 2219
273192 2219
273298 2403
273404 2221
273511 2218
273617 2218
273723 2204
273830 2219
273936 2220
274044 2219
274150 2230
274256 2216
274363 2214
274469 2218
274575 2197
274682 2216
274788 2221
274894 2218
275002 2223
275108 2219
275214 2215
275321 2224
275427 2220
275533 2217
275640 2217
275746 2218
275852 2220
275959 2214
276066 2216
276172 2215
276279 2216
276385 2218
276491 2218
276598 2209
276704 2217
276810 2215
276917 2219
277024 2261
277131 2220
277237 2218
277343 2217
277450 2217
277556 2216
277662 2218
277769 2214
277875 2215
277981 2216
278089 2218
278195 2216
278301 2216
278408 2217
278514 2218
278620 2209
278727 2217
278833 2216
278939 2218
279047 2219
279153 2219
279260 2219
279366 2216
279472 2213
279579 2217
279685 2215
279791 2215
279898 2218
280005 2215
280111 2216
280218 2217
280324 2262
280430 2215
280537 2216
280643 2218
280749 2108
280856 2213
280962 2211
281069 2215
281176 2215
281282 2218
281388 2215
281495 2217
281601 2217
281707 2216
281814 2217
281920 2217
282028 2214
282134 2215
282240 2218
282347 2221
282453 2214
282559 2214
282666 2214
282772 2224
282878 2215
282986 2219
283092 2217
283198 2217
283305 2218
283411 2217
283517 2217
283624 2302
283730 2216
283836 2217
283943 2207
284050 2220
284156 2215
284263 2216
284369 2214
284475 2216
284582 2216
284688 2211
284794 2216
284901 2218
285008 2216
285115 2218
285221 2225
285327 2216
285434 2217
285540 2217
285646 2219
285753 2217
285859 2215
285965 2215
286073 2366
286179 2218
286285 2215
286392 2216
286498 2216
286604 2219
286711 2211
286817 2218
286923 2217
287031 2222
287137 2217
287243 2217
287350 2278
287456 2215
287562 2218
287669 2216
287775 2218
287881 2217
287989 2217
288095 2197
288202 2217
288308 2218
288414 2216
288521 2216
288627 2219
288733 2214
288840 2215
288946 2222
289053 2217
289160 2218
289266 2219
289372 2206
289479 2216
289585 2219
289691 2217
289798 2129
289904 2215
290011 2217
290118 2218
290224 2221
290330 2217
290437 2218
290543 2217
290649 2178
290756 2219
290862 2217
290968 2215
291076 2217
291182 2219
291289 2220
291395 2231
291501 2216
291608 2217
291714 2217
291820 2211
291927 2218
292034 2220
292140 2218
292247 2220
292353 2221
292459 2219
292566 2218
292672 2214
292778 2217
292885 2219
292992 2219
293098 2321
293205 2217
293311 2218
293417 2221
293524 2226
293630 2219
293736 2219
293843 2218
293949 2240
294057 2217
294163 2219
294269 2217
294376 2217
294482 2219
294588 2219
294695 2217
294801 2219
294907 2219
295015 2219
295121 2221
295227 2219
295334 2217
295440 2220
295546 2210
295653 2221
295759 2220
295865 2217
295972 2219
296079 2213
296186 2219
296292 2219
296398 2119
296505 2218
296611 2218
296717 2217
296824 2261
296930 2217
297037 2219
297144 2217
297250 2218
297356 2218
297463 2220
297569 2214
297675 2220
297782 2218
297888 2217
297995 2214
298102 2216
298208 2219
298314 2215
298421 2219
298527 2217
298633 2213
298740 2218
298846 2216
298952 2217
299060 2215
299166 2214
299273 2079
299379 2217
299485 2217
299592 2216
299698 2277
299804 2214
299911 2215
300018 2218
300124 2216
300231 2216
300337 2218
300443 2216
300550 2224
300656 2214
300762 2215
300869 2217
300975 2217
301082 2217
301189 2217
301295 2215
301401 2217
301508 2216
301614 2214
301720 2218
301827 2214
301933 2216
302041 2217
302147 2217
302253 2214
302360 2214
302466 2217
302572 2123
302679 2214
302785 2215
302891 2214
302999 2145
303105 2214
303211 2216
303318 2218
303424 2200
303530 2215
303637 2220
303743 2217
303849 2133
303956 2218
304063 2215
304169 2215
304276 2220
304382 2214
304488 2217
304595 2234
304701 2214
304807 2218
304914 2215
305021 2218
305128 2214
305234 2216
305340 2219
305447 2220
305553 2217
305659 2222
305766 2217
305872 2202
305978 2218
306085 2218
306192 2217
306298 2262
306404 2218
306511 2214
306617 2218
306723 2225
306830 2217
306936 2216
307044 2216
307150 2215
307256 2218
307363 2211
307469 2218
307575 2214
307682 2217
307788 2218
307894 2216
308002 2218
308108 2219
308214 2217
308321 2218
308427 2219
308533 2215
308640 2221
308746 2221
308852 2219
308959 2218
309066 2218
309172 2214
309279 2217
309385 2223
309491 2219
309598 2170
309704 2218
309810 2218
309917 2219
310024 2253
310131 2220
310237 2217
310343 2218
310450 2215
310556 2217
310662 2219
310769 2218
310875 2222
310981 2216
311089 2218
311195 2229
311301 2215
311408 2218
311514 2218
311620 2216
311727 2217
311833 2218
311939 2221
312047 2374
312153 2221
312260 2218
312366 2214
312472 2261
312579 2220
312685 2215
312791 2220
312898 2220
313005 2220
313111 2217
313218 2218
313324 2222
313430 2218
313537 2219
313643 2220
313749 2216
313856 2220
313962 2222
314069 2234
314176 2221
314282 2217
314388 2214
314495 2219
314601 2218
314707 2217
314814 2217
314920 2220
315028 2219
315134 2216
315240 2219
315347 2208
315453 2217
315559 2222
315666 2220
315772 2278
315878 2216
315986 2219
316092 2217
316198 2196
316305 2217
316411 2221
316517 2216
316624 2136
316730 2220
316836 2218
316943 2215
317050 2219
317156 2216
317263 2217
317369 2207
317475 2214
317582 2216
317688 2216
317794 2220
317901 2218
318008 2219
318115 2216
318221 2222
318327 2217
318434 2216
318540 2215
318646 2223
318753 2216
318859 2213
318965 2215
319073 2112
319179 2216
319285 2218
319392 2215
319498 2257
319604 2216
319711 2206
319817 2217
319923 2219
320031 2216
320137 2219
320243 2217
320350 2218
320456 2215
320562 2209
320669 2218
320775 2218
320881 2214
320989 2214
321095 2209
321202 2217
321308 2216
321414 2212
321521 2219
321627 2218
321733 2215
321840 2215
321946 2218
322053 2214
322160 2215
322266 2217
322372 2163
322479 2212
322585 2218
322691 2218
322798 2164
322904 2215
323011 2217
323118 2218
323224 2216
323330 2219
323437 2216
323543 2212
323649 2218
323756 2217
323862 2216
323968 2214
324076 2217
324182 2215
324289 2217
324395 2217
324501 2217
324608 2214
324714 2216
324820 2218
324927 2217
325034 2219
325140 2217
325247 2341
325353 2217
325459 2217
325566 2214
325672 2202
325778 2217
325885 2216
325992 2217
326098 2362
326205 2218
326311 2217
326417 2217
326524 2207
326630 2217
326736 2218
326843 2215
326949 2218
327057 2216
327163 2219
327269 2234
327376 2213
327482 2222
327588 2217
327695 2219
327801 2217
327907 2219
328015 2219
328121 2216
328227 2217
328334 2218
328440 2218
328546 2373
328653 2218
328759 2219
328865 2214
328972 2219
329079 2215
329186 2220
329292 2219
329398 2213
329505 2220
329611 2219
329717 2217
329824 2210
329930 2218
330037 2218
330144 2222
330250 2217
330356 2216
330463 2219
330569 2197
330675 2218
330782 2222
330888 2217
330995 2218
331102 2218
331208 2218
331314 2220
331421 2224
331527 2217
331633 2216
331740 2219
331846 2234
331952 2218
332060 2219
332166 2218
332273 2225
332379 2218
332485 2218
332592 2217
332698 2220
332804 2222
332911 2216
333018 2219
333124 2215
333231 2218
333337 2218
333443 2220
333550 2219
333656 2217
333762 2219
333869 2193
333975 2220
334082 2219
334189 2218
334295 2234
334401 2210
334508 2220
334614 2218
334720 2218
334827 2217
334933 2218
335041 2223
335147 2261
335253 2217
335360 2226
335466 2217
335572 2323
335679 2218
335785 2219
335891 2219
335999 2214
336105 2214
336211 2216
336318 2217
336424 2215
336530 2218
336637 2221
336743 2219
336849 2216
336956 2224
337063 2216
337169 2213
337276 2220
337382 2218
337488 2222
337595 2219
337701 2216
337807 2218
337914 2217
338021 2186
338128 2217
338234 2217
338340 2223
338447 2211
338553 2216
338659 2219
338766 2219
338872 2300
338978 2217
339085 2214
339192 2215
339298 2186
339404 2217
339511 2214
339617 2218
339723 2220
339830 2214
339936 2216
340044 2216
340150 2215
340256 2217
340363 2216
340469 2220
340575 2218
340682 2215
340788 2220
340894 2216
341002 2218
341108 2216
341214 2212
341321 2215
341427 2217
341533 2213
341640 2215
341746 2396
341852 2216
341959 2214
342066 2217
342172 2221
342279 2214
342385 2217
342491 2215
342598 2209
342704 2216
342810 2217
342917 2215
343024 2215
343131 2215
343237 2217
343343 2214
343450 2214
343556 2216
343662 2217
343769 2218
343875 2216
343981 2212
344089 2215
344195 2216
344301 2215
344408 2214
344514 2213
344620 2214
344727 2215
344833 2215
344939 2217
345047 2254
345153 2214
345260 2216
345366 2214
345472 2296
345579 2217
345685 2214
345791 2215
345898 2217
346005 2213
346111 2215
346218 2216
346324 2216
346430 2217
346537 2216
346643 2218
346749 2217
346856 2213
346962 2217
347069 2215
347176 2216
347282 2215
347388 2214
347495 2215
347601 2217
347707 2216
347814 2216
347920 2214
348028 2220
348134 2219
348240 2219
348347 2316
348453 2217
348559 2218
348666 2216
348772 2205
348878 2215
348986 2220
349092 2219
349198 2216
349305 2222
349411 2220
349517 2220
349624 2216
349730 2219
349836 2217
349943 2227
350050 2217
350156 2217
350263 2218
350369 2219
350475 2215
350582 2219
350688 2216
350794 2221
350901 2221
351008 2219
351115 2221
351221 2495
351327 2221
351434 2219
351540 2219
351646 2236
351753 2219
351859 2219
351965 2217
352073 2003
352179 2217
352285 2221
352392 2219
352498 2212
352604 2219
352711 2216
352817 2223
352923 2220
353031 2221
353137 2218
353243 2206
353350 2218
353456 2219
353562 2219
353669 2226
353775 2218
353881 2217
353989 2220
354095 2218
354202 2219
354308 2221
354414 2217
354521 2377
354627 2217
354733 2218
354840 2218
354946 2109
355053 2217
355160 2218
355266 2219
355372 2210
355479 2216
355585 2219
355691 2218
355798 2269
355904 2216
356011 2219
356118 2218
356224 2218
356330 2217
356437 2215
356543 2233
356649 2219
356756 2218
356862 2218
356968 2214
357076 2217
357182 2217
357289 2218
357395 2221
357501 2217
357608 2217
357714 2216
357820 2207
357927 2217
358034 2218
358140 2216
358247 2213
358353 2217
358459 2216
358566 2215
358672 2210
358778 2217
358885 2217
358992 2218
359098 2220
359205 2216
359311 2215
359417 2216
359524 2217
359630 2217
359736 2216
359843 2213
359949 2220
360057 2217
360163 2220
360269 2216
360376 2214
360482 2218
360588 2217
360695 2216
360801 2214
360907 2216
361015 2217
361121 2269
361227 2217
361334 2215
361440 2214
361546 2143
361653 2215
361759 2216
361865 2216
361972 2218
362079 2214
362186 2216
362292 2218
362398 2216
362505 2217
362611 2217
362717 2217
362824 2214
362930 2218
363037 2217
363144 2218
363250 2217
363356 2217
363463 2216
363569 2211
363675 2218
363782 2219
363888 2217
363995 2080
364102 2213
364208 2215
364314 2216
364421 2232
364527 2215
364633 2216
364740 2218
364846 2106
364952 2216
365060 2215
365166 2217
365273 2205
365379 2216
365485 2218
365592 2216
365698 2214
365804 2218
365911 2215
366018 2222
366124 2216
366231 2217
366337 2218
366443 2210
366550 2215
366656 2217
366762 2218
366869 2217
366975 2218
367082 2217
367189 2215
367295 2223
367401 2215
367508 2219
367614 2217
367720 2344
367827 2215
367933 2218
368041 2219
368147 2189
368253 2217
368360 2216
368466 2217
368572 2229
368679 2218
368785 2218
368891 2218
368999 2218
369105 2218
369211 2216
369318 2221
369424 2218
369530 2218
369637 2220
369743 2206
369849 2215
369956 2215
370063 2219
370169 2216
370276 2220
370382 2218
370488 2215
370595 2225
370701 2219
370807 2217
370914 2216
371021 2163
371128 2221
371234 2217
371340 2219
371447 2181
371553 2217
371659 2219
371766 2220
371872 2190
371978 2216
372085 2216
372192 2218
372298 2221
372404 2219
372511 2215
372617 2218
372723 2216
372830 2221
372936 2217
373044 2219
373150 2219
373256 2217
373363 2218
373469 2229
373575 2218
373682 2219
373788 2219
373894 2222
374002 2218
374108 2219
374214 2217
374321 2299
374427 2220
374533 2219
374640 2220
374746 2299
374852 2218
374959 2218
375066 2218
375172 2216
375279 2221
375385 2219
375491 2218
375598 2217
375704 2218
375810 2218
375917 2218
376024 2218
376131 2220
376237 2218
376343 2218
376450 2218
376556 2217
376662 2217
376769 2219
376875 2220
376981 2217
377089 2221
377195 2501
377301 2219
377408 2218
377514 2219
377620 2223
377727 2216
377833 2216
377939 2202
378047 2366
378153 2219
378260 2219
378366 2217
378472 2192
378579 2217
378685 2216
378791 2216
378898 2215
379005 2217
379111 2217
379218 2203
379324 2216
379430 2216
379537 2217
379643 2200
379749 2217
379856 2217
379962 2218
380069 2223
380176 2216
380282 2219
380388 2216
380495 2216
380601 2216
380707 2216
380814 2216
380920 2214
381028 2216
381134 2214
381240 2216
381347 2315
381453 2216
381559 2216
381666 2217
381772 2258
381878 2212
381986 2220
382092 2215
382198 2216
382305 2218
382411 2217
382517 2219
382624 2217
382730 2216
382836 2216
382943 2221
383050 2218
383156 2214
383263 2213
383369 2216
383475 2218
383582 2218
383688 2214
383794 2208
383901 2218
384008 2219
384115 2218
384221 2134
384327 2216
384434 2215
384540 2216
384646 2217
384753 2215
384859 2218
384965 2217
385073 2218
385179 2214
385285 2216
385392 2215
385498 2198
385604 2220
385711 2216
385817 2217
385923 2217
386031 2219
386137 2219
386243 2219
386350 2217
386456 2215
386562 2216
386669 2217
386775 2216
386881 2217
386989 2214
387095 2222
387202 2214
387308 2215
387414 2214
387521 2317
387627 2218
387733 2217
387840 2216
387946 2215
388053 2217
388160 2217
388266 2220
388372 2216
388479 2216
388585 2216
388691 2217
388798 2217
388904 2217
389011 2216
389118 2222
389224 2216
389330 2220
389437 2219
389543 2215
389649 2220
389756 2220
389862 2217
389968 2214
390076 2216
390182 2217
390289 2217
390395 2237
390501 2217
390608 2218
390714 2219
390820 2270
390927 2218
391034 2219
391140 2221
391247 2228
391353 2219
391459 2219
391566 2217
391672 2219
391778 2218
391885 2219
391992 2224
392098 2220
392205 2218
392311 2218
392417 2221
392524 2220
392630 2219
392736 2218
392843 2220
392949 2218
393057 2219
393163 2222
393269 2206
393376 2217
393482 2222
393588 2220
393695 2057
393801 2217
393907 2218
394015 2219
394121 2219
394227 2219
394334 2217
394440 2219
394546 2124
394653 2221
394759 2219
394865 2217
394972 2209
395079 2219
395186 2220
395292 2230
395398 2217
395505 2226
395611 2219
395717 2207
395824 2219
395930 2218
396037 2215
396144 2212
396250 2217
396356 2219
396463 2218
396569 2215
396675 2220
396782 2221
396888 2214
396995 2111
397102 2216
397208 2219
397314 2217
397421 2185
397527 2216
397633 2216
397740 2219
397846 2195
397952 2217
398060 2215
398166 2214
398273 2216
398379 2218
398485 2219
398592 2215
398698 2217
398804 2220
398911 2216
399018 2216
399124 2211
399231 2215
399337 2216
399443 2211
399550 2213
399656 2213
399762 2217
399869 2223
399975 2217
400082 2215
400189 2218
400295 2140
400401 2217
400508 2220
400614 2216
400720 2227
400827 2216
400933 2218
401041 2217
401147 2216
401253 2216
401360 2216
401466 2216
401572 2213
401679 2215
401785 2215
401891 2214
401999 2210
402105 2216
402211 2218
402318 2215
402424 2215
402530 2216
402637 2217
402743 2215
402849 2216
402956 2218
403063 2215
403169 2224
403276 2218
403382 2215
403488 2216
403595 2110
403701 2214
403807 2217
403914 2216
404021 2346
404128 2214
404234 2215
404340 2216
404447 2223
404553 2216
404659 2217
404766 2217
404872 2216
404978 2217
405085 2215
405192 2208
405298 2218
405404 2217
405511 2215
405617 2220
405723 2218
405830 2214
405936 2217
406044 2210
406150 2215
406256 2216
406363 2216
406469 2212
406575 2214
406682 2212
406788 2217
406894 2212
407002 2217
407108 2219
407214 2216
407321 2225
407427 2220
407533 2216
407640 2217
407746 2251
407852 2217
407959 2217
408066 2216
408172 2218
408279 2216
408385 2217
408491 2217
408598 2216
408704 2218
408810 2216
408917 2219
409024 2218
409131 2219
409237 2216
409343 2215
409450 2220
409556 2217
409662 2217
409769 2217
409875 2218
409981 2218
410089 2216
410195 2139
410301 2215
410408 2216
410514 2216
410620 2310
410727 2218
410833 2218
410939 2205
411047 2216
411153 2220
411260 2218
411366 2215
411472 2220
411579 2219
411685 2219
411791 2218
411898 2218
412005 2219
412111 2213
412218 2219
412324 2221
412430 2218
412537 2218
412643 2220
412749 2218
412856 2217
412962 2217
413069 2176
413176 2218
413282 2221
413388 2212
413495 2156
413601 2218
413707 2218
413814 2217
413920 2219
414028 2220
414134 2220
414240 2219
414347 2217
414453 2217
414559 2217
414666 2221
414772 2219
414878 2217
414986 2222
415092 2222
415198 2216
415305 2219
415411 2220
415517 2219
415624 2217
415730 2220
415836 2220
415943 2198
416050 2217
416156 2214
416263 2219
416369 2198
416475 2218
416582 2219
416688 2229
416794 2121
416901 2218
417008 2219
417115 2219
417221 2252
417327 2217
417434 2223
417540 2217
417646 2217
417753 2217
417859 2219
417965 2220
418073 2220
418179 2215
418285 2219
418392 2220
418498 2220
418604 2219
418711 2217
418817 2201
418923 2217
419031 2215
419137 2218
419243 2200
419350 2214
419456 2215
419562 2218
419669 2500
419775 2217
419881 2217
419989 2207
420095 2217
420202 2214
420308 2220
420414 2215
420521 2177
420627 2219
420733 2216
420840 2214
420946 2219
421053 2216
421160 2215
421266 2199
421372 2218
421479 2215
421585 2217
421691 2229
421798 2218
421904 2215
422011 2215
422118 2210
422224 2216
422330 2218
422437 2216
422543 2213
422649 2218
422756 2215
422862 2214
422968 2215
423076 2215
423182 2215
423289 2216
423395 2211
423501 2206
423608 2215
423714 2216
423820 2232
423927 2212
424034 2215
424140 2214
424247 2212
424353 2217
424459 2214
424566 2213
424672 2216
424778 2216
424885 2215
424992 2216
425098 2217
425205 2216
425311 2217
425417 2220
425524 2216
425630 2218
425736 2216
425843 2214
425949 2218
426057 2217
426163 2219
426269 2104
426376 2214
426482 2220
426588 2217
426695 2229
426801 2216
426907 2217
427015 2216
427121 2215
427227 2217
427334 2216
427440 2217
427546 2216
427653 2217
427759 2218
427865 2217
427972 2222
428079 2216
428186 2220
428292 2224
428398 2218
428505 2220
428611 2217
428717 2218
428824 2219
428930 2217
429037 2219
429144 2332
429250 2221
429356 2218
429463 2221
429569 2294
429675 2211
429782 2218
429888 2215
429995 2226
430102 2217
430208 2219
430314 2228
430421 2227
430527 2219
430633 2217
430740 2221
430846 2217
430952 2218
431060 2220
431166 2216
431273 2221
431379 2217
431485 2222
431592 2220
431698 2218
431804 2220
431911 2219
432018 2210
432124 2218
432231 2219
432337 2217
432443 2343
432550 2219
432656 2218
432762 2221
432869 2234
432975 2219
433082 2220
433189 2218
433295 2119
433401 2215
433508 2221
433614 2214
433720 2186
433827 2219
433933 2220
434041 2222
434147 2221
434253 2218
434360 2216
434466 2222
434572 2218
434679 2217
434785 2217
434891 2220
434999 2216
435105 2216
435211 2218
435318 2231
435424 2215
435530 2218
435637 2220
435743 2205
435849 2221
435956 2220
436063 2218
436170 2212
436276 2215
436383 2219
436489 2218
436595 2230
436702 2216
436808 2220
436915 2215
437022 2217
437129 2219
437235 2218
437341 2209
437448 2219
437554 2213
437661 2216
437767 2218
437874 2214
437980 2215
438088 2216
438194 2311
438300 2216
438407 2218
438513 2216
438620 2201
438726 2215
438833 2215
438939 2216
439047 2216
439153 2215
439259 2217
439366 2214
439472 2214
439579 2213
439685 2213
439792 2219
439898 2218
440006 2217
440112 2215
440218 2213
440325 2212
440431 2218
440538 2215
440644 2305
440751 2215
440857 2215
440963 2216
441071 2215
441177 2215
441284 2215
441390 2241
441497 2218
441603 2216
441710 2214
441816 2213
441922 2215
442030 2216
442136 2217
442243 2206
442349 2211
442456 2215
442562 2215
442668 2190
442775 2218
442881 2213
442989 2217
443095 2207
443202 2216
443308 2217
443415 2213
443521 2211
443627 2215
443734 2216
443840 2218
443947 2208
444054 2216
444161 2215
444267 2221
444374 2215
444480 2216
444586 2216
444693 2008
444799 2217
444906 2215
445013 2218
445120 2151
445226 2216
445333 2217
445439 2215
445545 2216
445652 2216
445758 2215
445865 2219
445971 2215
446079 2216
446185 2216
446291 2213
446398 2215
446504 2216
446611 2216
446717 2228
446824 2217
446930 2216
447038 2216
447144 2113
447250 2215
447357 2216
447463 2215
447570 2287
447676 2215
447783 2217
447889 2222
447997 2215
448103 2215
448209 2219
448316 2221
448422 2218
448529 2218
448635 2218
448742 2222
448848 2217
448954 2216
449062 2218
449168 2180
449275 2219
449381 2218
449488 2218
449594 2216
449701 2216
449807 2216
449913 2218
450021 2218
450127 2216
450234 2219
450340 2210
450447 2214
450553 2214
450659 2221
450766 2220
450872 2218
450979 2218
451086 2218
451192 2218
451298 2218
451405 2218
451511 2221
451618 2244
451724 2218
451831 2219
451937 2216
452045 2372
452151 2215
452257 2218
452364 2218
452470 2217
452577 2216
452683 2216
452790 2219
452896 2218
453004 2218
453110 2218
453216 2207
453323 2221
453429 2219
453536 2218
453642 2213
453749 2219
453855 2217
453961 2221
454069 2211
454175 2217
454282 2218
454388 2220
454495 2235
454601 2217
454707 2218
454814 2218
454920 2218
455028 2220
455134 2218
455241 2224
455347 2219
455454 2216
455560 2217
455666 2210
455773 2216
455879 2216
455987 2218
456093 2227
456200 2215
456306 2216
456413 2215
456519 2160
456625 2219
456732 2216
456838 2216
456945 2215
457052 2217
457159 2219
457265 2215
457372 2217
457478 2219
457584 2218
457691 2214
457797 2215
457904 2216
458011 2218
458118 2031
458224 2216
458330 2215
458437 2214
458543 2179
458650 2219
458756 2215
458863 2213
458969 2214
459077 2214
459183 2216
459289 2214
459396 2217
459502 2216
459609 2216
459715 2225
459822 2213
459928 2217
460036 2217
460142 2217
460248 2217
460355 2217
460461 2213
460568 2217
460674 2217
460781 2216
460887 2214
460995 2194
461101 2215
461207 2216
461314 2217
461420 2215
461527 2216
461633 2215
461740 2217
461846 2214
461952 2217
462060 2217
462166 2228
462273 2215
462379 2217
462486 2214
462592 2224
462698 2214
462805 2216
462911 2216
463019 2217
463125 2218
463232 2216
463338 2213
463445 2210
463551 2215
463657 2217
463764 2212
463870 2212
463977 2216
464084 2216
464191 2214
464297 2216
464404 2212
464510 2218
464616 2210
464723 2215
464829 2217
464936 2215
465043 2105
465150 2217
465256 2217
465363 2213
465469 2211
465575 2216
465682 2217
465788 2212
465895 2217
466002 2216
466109 2218
466215 2215
466322 2215
466428 2218
466534 2217
466641 2219
466747 2214
466854 2216
466960 2216
467068 2209
467174 2218
467281 2216
467387 2216
467493 2272
467600 2218
467706 2218
467813 2213
467919 2216
468027 2215
468133 2216
468239 2202
468346 2217
468452 2219
468559 2217
468665 2214
468772 2219
468878 2218
468986 2218
469092 2216
469198 2216
469305 2217
469411 2216
469518 2173
469624 2216
469731 2217
469837 2218
469943 2270
470051 2217
470157 2216
470264 2217
470370 2216
470477 2216
470583 2218
470690 2219
470796 2218
470902 2218
471010 2220
471116 2218
471223 2218
471329 2218
471436 2216
471542 2257
471649 2218
471755 2221
471861 2220
471968 2145
472075 2216
472182 2218
472288 2219
472395 2215
472501 2219
472607 2218
472714 2219
472820 2220
472927 2216
473034 2219
473141 2219
473247 2218
473354 2219
473460 2215
473566 2199
473673 2217
473779 2219
473886 2221
473993 2142
474100 2218
474206 2219
474313 2218
474419 2237
474525 2220
474632 2217
474738 2214
474845 2220
474951 2218
475059 2216
475165 2220
475272 2217
475378 2219
475484 2217
475591 2219
475697 2216
475804 2216
475910 2218
476018 2318
476124 2216
476230 2220
476337 2217
476443 2242
476550 2218
476656 2215
476763 2220
476869 2270
476975 2217
477083 2218
477189 2214
477296 2216
477402 2218
477509 2219
477615 2205
477722 2213
477828 2216
477934 2217
478042 2052
478148 2215
478255 2226
478361 2216
478468 2120
478574 2217
478681 2209
478787 2210
478893 2215
479001 2217
479107 2213
479214 2216
479320 2214
479427 2215
479533 2216
479640 2209
479746 2216
479852 2220
479959 2215
480066 2210
480173 2214
480279 2218
480386 2212
480492 2218
480598 2216
480705 2213
480811 2215
480918 2214
481025 2215
481132 2215
481238 2214
481345 2215
481451 2213
481557 2217
481664 2215
481770 2216
481877 2214
481984 2216
482091 2223
482197 2216
482304 2215
482410 2216
482516 2217
482623 2216
482729 2215
482836 2216
482942 2102
483050 2217
483156 2214
483263 2215
483369 2235
483475 2209
483582 2215
483688 2215
483795 2217
483901 2217
484009 2216
484115 2215
484222 2214
484328 2215
484434 2216
484541 2223
484647 2217
484754 2216
484860 2215
484967 2218
485074 2214
485180 2216
485287 2214
485393 2146
485500 2213
485606 2215
485713 2215
485819 2218
485925 2218
486033 2217
486139 2215
486246 2219
486352 2214
486459 2217
486565 2208
486672 2219
486778 2217
486884 2216
486992 2211
487098 2216
487205 2214
487311 2217
487418 2318
487524 2216
487631 2217
487737 2218
487843 2219
487950 2217
488057 2216
488164 2215
488270 2218
488377 2218
488483 2217
488590 2217
488696 2215
488802 2217
488909 2218
489016 2216
489123 2218
489229 2215
489336 2219
489442 2221
489548 2217
489655 2218
489761 2218
489868 2260
489974 2218
490082 2218
490188 2216
490295 2217
490401 2219
490507 2217
490614 2209
490720 2219
490827 2217
490933 2216
491041 2215
491147 2216
491254 2218
491360 2217
491466 2346
491573 2220
491679 2217
491786 2216
491892 2218
492000 2217
492106 2218
492213 2218
492319 2217
492425 2220
492532 2219
492638 2220
492745 2217
492851 2218
492958 2219
493065 2212
493171 2218
493278 2216
493384 2219
493491 2221
493597 2217
493704 2216
493810 2218
493916 2218
494024 2218
494130 2219
494237 2221
494343 2080
494450 2220
494556 2213
494663 2219
494769 2217
494875 2217
494984 2218
495091 2218
495197 2216
495304 2218
495410 2217
495516 2192
495623 2216
495729 2218
495836 2216
495942 2187
496050 2218
496156 2217
496263 2219
496369 2218
496475 2218
496582 2218
496688 2214
496795 2219
496901 2216
497009 2217
497115 2227
497221 2215
497328 2218
497434 2215
497541 2232
497647 2216
497754 2219
497860 2217
497966 2125
498074 2219
498180 2217
498287 2217
498393 2085
498500 2217
498606 2216
498713 2215
498819 2220
498925 2215
499033 2219
499139 2215
499246 2212
499352 2218
499459 2216
499565 2205
499672 2214
499778 2217
499884 2217
499992 2321
500098 2217
500205 2217
500311 2208
500418 2186
500524 2217
500631 2215
500737 2213
500843 2199
500950 2215
501057 2213
501164 2207
501270 2215
501377 2220
501483 2215
501589 2197
501696 2216
501802 2217
501909 2216
502016 2111
502123 2213
502229 2216
502336 2214
502442 2296
502548 2218
502655 2212
502761 2216
502868 2283
502974 2215
503082 2212
503188 2216
503295 2215
503401 2214
503507 2216
503614 2195
503720 2216
503827 2217
503933 2213
504041 2214
504147 2217
504254 2215
504360 2213
504466 2218
504573 2217
504679 2217
504786 2205
504892 2215
505000 2217
505106 2214
505212 2217
505319 2217
505425 2214
505532 2213
505638 2213
505745 2217
505851 2214
505957 2215
506065 2223
506171 2213
506278 2218
506384 2215
506491 2236
506597 2215
506704 2220
506810 2217
506916 2211
507024 2215
507130 2214
507237 2218
507343 2223
507450 2217
507556 2216
507663 2215
507769 2217
507875 2221
507982 2218
508089 2217
508196 2215
508302 2218
508409 2218
508515 2203
508622 2219
508728 2218
508834 2219
508941 2277
509048 2217
509155 2216
509261 2217
509368 2214
509474 2218
509581 2219
509687 2219
509793 2217
509900 2219
510007 2217
510114 2220
510220 2217
510327 2216
510433 2217
510539 2218
510646 2219
510752 2217
510859 2219
510965 2217
511073 2219
511179 2217
511286 2218
511392 2218
511498 2215
511605 2218
511711 2218
511818 2119
511924 2218
512032 2219
512138 2242
512245 2220
512351 2214
512457 2219
512564 2214
512670 2218
512777 2217
512883 2221
512991 2219
513097 2200
513204 2220
513310 2218
513416 2217
513523 2251
513629 2220
513736 2220
513842 2215
513949 2221
514056 2219
514162 2218
514269 2222
514375 2216
514482 2215
514588 2221
514695 2210
514801 2219
514907 2222
515015 2221
515121 2222
515228 2217
515334 2219
515441 2134
515547 2217
515654 2217
515760 2216
515866 2103
515973 2218
516080 2218
516187 2215
516293 2218
516400 2215
516506 2217
516613 2220
516719 2215
516825 2217
516932 2218
517039 2218
517146 2220
517252 2217
517359 2219
517465 2213
517572 2217
517678 2218
517784 2214
517891 2215
517998 2217
518105 2217
518211 2214
518318 2194
518424 2214
518530 2215
518637 2218
518743 2213
518850 2214
518956 2217
519064 2216
519170 2215
519277 2217
519383 2214
519489 2221
519596 2216
519702 2215
519809 2214
519915 2216
520023 2217
520129 2217
520236 2214
520342 2210
520448 2218
520555 2211
520661 2216
520768 2262
520874 2215
520981 2214
521088 2193
521195 2215
521301 2215
521407 2217
521514 2211
521620 2217
521727 2219
521833 2215
521940 2216
522047 2216
522154 2215
522260 2216
522366 2178
522473 2215
522579 2214
522686 2217
522792 2225
522899 2212
523006 2217
523113 2213
523219 2216
523325 2216
523432 2216
523538 2225
523645 2214
523751 2217
523858 2216
523964 2216
524071 2216
524178 2216
524284 2211
524391 2212
524497 2216
524604 2217
524710 2217
524816 2122
524923 2214
525030 2215
525137 2217
525243 2218
525350 2215
525456 2216
525563 2217
525669 2214
525775 2216
525882 2216
525989 2233
526096 2216
526202 2217
526309 2217
526415 2229
526522 2215
526628 2216
526734 2216
526841 2212
526947 2214
527055 2216
527161 2219
527268 2209
527374 2218
527481 2218
527587 2218
527693 2216
527800 2219
527906 2218
528014 2223
528120 2220
528227 2219
528333 2217
528439 2199
528546 2217
528652 2217
528759 2217
528865 2221
528972 2216
529079 2212
529186 2218
529292 2219
529398 2217
529505 2219
529611 2218
529718 2219
529824 2216
529931 2216
530038 2212
530145 2217
530251 2220
530357 2216
530464 2225
530570 2216
530677 2216
530783 2218
530890 2221
530997 2220
531104 2216
531210 2219
531316 2188
531423 2217
531529 2220
531636 2218
531742 2106
531849 2220
531955 2218
532062 2217
532169 2217
532275 2218
532382 2213
532488 2220
532595 2218
532701 2217
532807 2216
532914 2216
533021 2219
533128 2217
533234 2220
533341 2153
533447 2215
533554 2219
533660 2217
533766 2262
533873 2214
533979 2216
534086 2223
534192 2246
534299 2218
534405 2220
534511 2220
534618 2216
534724 2219
534831 2218
534937 2212
535045 2218
535151 2216
535258 2219
535364 2212
535470 2220
535577 2217
535683 2218
535790 2208
535896 2216
536004 2216
536110 2218
536217 2302
536323 2214
536429 2219
536536 2217
536642 2228
536749 2216
536855 2219
536962 2212
537069 2218
537176 2218
537282 2219
537388 2211
537495 2215
537601 2214
537708 2216
537814 2213
537921 2217
538028 2213
538134 2218
538241 2194
538347 2216
538454 2215
538560 2217
538667 2217
538773 2218
538879 2214
538987 2218
539093 2216
539200 2218
539306 2215
539413 2206
539519 2216
539626 2214
539732 2217
539838 2217
539945 2214
540052 2215
540159 2215
540265 2202
540372 2217
540478 2218
540585 2214
540691 2138
540797 2215
540904 2215
541011 2215
541118 2214
541224 2217
541331 2213
541437 2214
541544 2218
541650 2213
541756 2214
541863 2217
541969 2215
542077 2216
542183 2216
542290 2227
542396 2214
542502 2214
542609 2216
542715 2207
542822 2217
542928 2214
543036 2215
543142 2225
543249 2216
543355 2214
543461 2214
543568 2218
543674 2215
543781 2215
543887 2214
543995 2215
544101 2214
544208 2214
544314 2227
544420 2215
544527 2218
544633 2215
544740 2219
544846 2217
544953 2215
545060 2219
545167 2207
545273 2217
545379 2217
545486 2215
545592 2216
545699 2217
545805 2216
545912 2214
546019 2216
546125 2215
546232 2218
546338 2222
546445 2217
546551 2213
546658 2215
546764 2220
546870 2216
546977 2214
547084 2217
547191 2176
547297 2218
547404 2217
547510 2218
547617 2307
547723 2217
547829 2218
547936 2212
548043 2218
548150 2214
548256 2218
548363 2216
548469 2216
548576 2215
548682 2218
548788 2216
548895 2217
549002 2220
549109 2215
549215 2224
549322 2217
549428 2217
549535 2216
549641 2232
549747 2218
549854 2217
549960 2215
550068 2219
550174 2215
550281 2219
550387 2209
550494 2219
550600 2220
550706 2216
550813 2213
550919 2219
551027 2222
551133 2216
551240 2125
551346 2214
551452 2217
551559 2218
551665 2146
551772 2218
551878 2217
551986 2222
552092 2218
552199 2216
552305 2220
552411 2216
552518 2219
552624 2219
552731 2219
552837 2204
552944 2219
553051 2217
553158 2217
553264 2219
553370 2219
553477 2216
553583 2220
553690 2153
553796 2218
553903 2220
554010 2221
554117 2189
554223 2217
554329 2220
554436 2215
554542 2217
554649 2219
554755 2216
554862 2218
554968 2219
555075 2218
555182 2218
555288 2225
555395 2216
555501 2216
555608 2219
555714 2211
555820 2217
555927 2217
556034 2220
556141 2177
556247 2217
556354 2216
556460 2218
556567 2255
556673 2220
556779 2217
556886 2217
556993 2219
557100 2216
557206 2217
557313 2213
557419 2217
557526 2214
557632 2218
557738 2232
557845 2217
557951 2216
558059 2218
558165 2106
558272 2216
558378 2216
558485 2216
558591 2207
558697 2217
558804 2216
558910 2217
559018 2220
559124 2215
559231 2214
559337 2218
559443 2215
559550 2216
559656 2215
559763 2206
559869 2214
559976 2216
560083 2217
560190 2177
560296 2216
560402 2214
560509 2216
560615 2299
560722 2215
560828 2211
560935 2214
561042 2214
561149 2214
561255 2217
561361 2217
561468 2214
561574 2217
561681 2214
561787 2227
561894 2217
562001 2217
562108 2219
562214 2212
562320 2214
562427 2215
562533 2215
562640 2207
562746 2214
562853 2214
562959 2214
563066 2228
563173 2214
563279 2214
563386 2217
563492 2213
563599 2217
563705 2215
563811 2213
563918 2217
564025 2214
564132 2217
564238 2212
564345 2218
564451 2218
564558 2217
564664 2203
564770 2216
564877 2216
564984 2216
565091 2218
565197 2214
565304 2215
565410 2218
565517 2209
565623 2218
565729 2215
565836 2215
565942 2219
566050 2218
566156 2216
566263 2215
566369 2213
566476 2218
566582 2214
566688 2223
566795 2214
566901 2215
567009 2218
567115 2275
567222 2216
567328 2216
567434 2217
567541 2229
567647 2216
567754 2213
567860 2217
567967 2221
568074 2217
568181 2217
568287 2217
568393 2219
568500 2219
568606 2215
568713 2223
568819 2218
568926 2217
569033 2218
569140 2214
569246 2217
569352 2219
569459 2217
569565 2234
569672 2221
569778 2219
569885 2216
569992 2213
570099 2217
570205 2214
570311 2209
570418 2215
570524 2215
570631 2219
570737 2204
570844 2217
570950 2216
571057 2219
571164 2215
571270 2215
571377 2220
571483 2217
571590 2135
571696 2219
571802 2217
571909 2218
572016 2213
572123 2219
572229 2216
572336 2215
572442 2219
572549 2217
572655 2219
572761 2215
572868 2218
572974 2217
573082 2217
573188 2214
573295 2218
573401 2218
573508 2215
573614 2292
573720 2220
573827 2217
573933 2215
574041 2188
574147 2217
574254 2219
574360 2217
574467 2220
574573 2216
574679 2218
574786 2220
574892 2216
575000 2218
575106 2219
575213 2220
575319 2218
575425 2219
575532 2217
575638 2222
575745 2219
575851 2216
575958 2218
576065 2141
576172 2218
576278 2218
576384 2217
576491 2223
576597 2217
576704 2220
576810 2218
576917 2216
577024 2217
577131 2217
577237 2226
577343 2216
577450 2220
577556 2218
577663 2236
577769 2218
577876 2216
577984 2221
578091 2102
578197 2215
578304 2216
578410 2215
578516 2214
578623 2218
578729 2217
578836 2217
578942 2216
579050 2215
579156 2217
579263 2213
579369 2216
579475 2217
579582 2217
579688 2197
579795 2216
579901 2216
580009 2216
580115 2229
580222 2215
580328 2216
580434 2219
580541 2089
580647 2216
580754 2218
580860 2216
580967 2216
581074 2214
581180 2216
581287 2216
581393 2219
581500 2215
581606 2215
581713 2215
581819 2215
581925 2216
582033 2214
582139 2322
582246 2214
582352 2215
582459 2216
582565 2259
582672 2216
582778 2217
582884 2213
582992 2214
583098 2216
583205 2218
583311 2213
583418 2218
583524 2213
583631 2213
583737 2202
583843 2213
583950 2214
584057 2215
584164 2353
584270 2215
584377 2213
584483 2215
584590 2109
584696 2213
584802 2215
584909 2213
585016 2215
585123 2217
585229 2216
585336 2215
585442 2217
585548 2215
585655 2215
585761 2211
585868 2213
585974 2217
586082 2216
586188 2217
586295 2217
586401 2215
586507 2218
586614 2237
586720 2214
586827 2216
586933 2204
587041 2109
587147 2216
587254 2216
587360 2215
587466 2216
587573 2214
587679 2213
587786 2218
587892 2215
588000 2219
588106 2217
588213 2221
588319 2216
588425 2218
588532 2218
588638 2207
588745 2217
588851 2218
588958 2217
589065 2215
589171 2220
589278 2217
589384 2216
589491 2203
589597 2216
589704 2218
589810 2216
589916 2216
590024 2217
590130 2218
590237 2219
590343 2218
590450 2219
590556 2217
590663 2227
590769 2218
590875 2217
590984 2218
591091 2233
591197 2219
591304 2216
591410 2217
591516 2221
591623 2221
591729 2218
591836 2219
591942 2218
592050 2217
592156 2218
592263 2201
592369 2219
592475 2219
592582 2218
592688 2217
592795 2218
592901 2217
593009 2220
593115 2168
593221 2219
593328 2218
593434 2217
593541 2212
593647 2218
593754 2219
593860 2221
593966 2220
594074 2216
594180 2216
594287 2216
594393 2217
594500 2219
594606 2217
594713 2216
594819 2217
594925 2217
595033 2219
595139 2106
595246 2220
595352 2219
595459 2219
595565 2217
595672 2216
595778 2216
595884 2217
595992 2217
596098 2215
596205 2215
596311 2216
596418 2218
596524 2218
596631 2219
596737 2215
596843 2218
596950 2211
597057 2218
597164 2223
597270 2218
597377 2217
597483 2217
597589 2268
597696 2215
597802 2218
597909 2214
598016 2218
598123 2219
598229 2215
598336 2212
598442 2214
598548 2218
598655 2218
598761 2217
598868 2217
598974 2215
599082 2214
599188 2213
599295 2216
599401 2215
599507 2215
599614 2166
599720 2215
599827 2212
599933 2214
600041 2213
600147 2215
600254 2216
600360 2217
600466 2215
600573 2217
600679 2217
600786 2209
600892 2214
601000 2217
601106 2215
601212 2212
601319 2215
601425 2216
601532 2217
601638 2181
601745 2216
601851 2215
601957 2217
602065 2355
602171 2213
602278 2219
602384 2217
602491 2214
602597 2215
602704 2216
602810 2214
602916 2216
603024 2217
603130 2215
603237 2212
603343 2216
603450 2216
603556 2216
603663 2228
603769 2212
603875 2215
603982 2216
604089 2227
604196 2213
604302 2217
604409 2215
604515 2186
604622 2216
604728 2215
604834 2215
604941 2214
605048 2215
605155 2215
605261 2216
605368 2221
605474 2215
605581 2216
605687 2221
605793 2216
605900 2214
606007 2218
606114 2200
606220 2215
606327 2217
606433 2215
606539 2213
606646 2217
606752 2213
606859 2218
606965 2197
607073 2217
607179 2215
607286 2211
607392 2217
607498 2217
607605 2217
607711 2221
607818 2215
607924 2216
608032 2219
608138 2294
608245 2219
608351 2219
608457 2218
608564 2152
608670 2219
608777 2213
608883 2217
608991 2217
609097 2217
609204 2218
609310 2217
609416 2213
609523 2216
609629 2217
609736 2215
609842 2215
609949 2216
610056 2217
610162 2217
610269 2218
610375 2219
610482 2216
610588 2227
610695 2218
610801 2215
610907 2218
611015 2236
611121 2216
611228 2218
611334 2216
611441 2217
611547 2216
611654 2218
611760 2218
611866 2214
611973 2219
612080 2214
612187 2211
612293 2219
612400 2218
612506 2217
612613 2203
612719 2220
612825 2217
612932 2226
613039 2172
613146 2216
613252 2217
613359 2216
613465 2221
613572 2217
613678 2214
613784 2220
613891 2212
613998 2216
614105 2217
614211 2219
614318 2219
614424 2218
614530 2216
614637 2206
614743 2219
614850 2215
614956 2217
615064 2164
615170 2219
615277 2219
615383 2218
615489 2213
615596 2218
615702 2218
615809 2216
615915 2218
616023 2214
616129 2219
616236 2217
616342 2217
616448 2217
616555 2215
616661 2216
616768 2215
616874 2218
616981 2218
617088 2201
617195 2218
617301 2217
617407 2220
617514 2236
617620 2216
617727 2218
617833 2220
617940 2202
618047 2216
618154 2216
618260 2207
618366 2215
618473 2217
618579 2216
618686 2212
618792 2216
618899 2218
619006 2216
619113 2340
619219 2216
619325 2216
619432 2215
619538 2300
619645 2216
619751 2217
619858 2217
619964 2176
620071 2215
620178 2216
620284 2215
620391 2216
620497 2219
620604 2215
620710 2208
620816 2216
620923 2217
621030 2216
621137 2228
621243 2217
621350 2215
621456 2215
621563 2131
621669 2209
621775 2216
621882 2218
621989 2337
622096 2213
622202 2216
622309 2217
622415 2215
622522 2214
622628 2214
622734 2213
622841 2215
622947 2211
623055 2216
623161 2225
623268 2217
623374 2216
623481 2216
623587 2220
623693 2212
623800 2216
623906 2216
624014 2265
624120 2216
624227 2215
624333 2214
624439 2266
624546 2217
624652 2216
624759 2214
624865 2214
624972 2214
625079 2215
625186 2218
625292 2216
625398 2216
625505 2214
625611 2221
625718 2213
625824 2214
625931 2215
626038 2319
626145 2216
626251 2216
626357 2217
626464 2178
626570 2214
626677 2216
626783 2215
626890 2217
626997 2214
627104 2216
627210 2225
627316 2217
627423 2216
627529 2215
627636 2228
627742 2216
627849 2217
627955 2217
628062 2270
628169 2215
628275 2217
628382 2216
628488 2316
628595 2219
628701 2216
628807 2217
628914 2218
629021 2218
629128 2216
629234 2217
629341 2217
629447 2216
629554 2216
629660 2206
629766 2218
629873 2217
629979 2216
630086 2219
630192 2218
630299 2215
630405 2217
630511 2224
630618 2216
630724 2219
630831 2221
630937 2147
631045 2216
631151 2218
631258 2219
631364 2222
631470 2216
631577 2218
631683 2215
631790 2221
631896 2217
632004 2218
632110 2218
632217 2216
632323 2217
632429 2216
632536 2217
632642 2218
632749 2215
632855 2217
632962 2215
633069 2219
633176 2218
633282 2219
633388 2127
633495 2219
633601 2219
633708 2216
633814 2261
633921 2217
634028 2218
634134 2213
634241 2217
634347 2215
634454 2216
634560 2210
634667 2217
634773 2216
634879 2218
634987 2294
635093 2217
635200 2217
635306 2217
635413 2132
635519 2217
635626 2218
635732 2216
635838 2216
635945 2215
636052 2216
636159 2218
636265 2215
636372 2218
636478 2217
636585 2215
636691 2217
636797 2218
636904 2217
637011 2217
637118 2218
637224 2220
637331 2217
637437 2202
637544 2217
637650 2218
637756 2214
637863 2300
637969 2217
638077 2215
638183 2217
638290 2218
638396 2213
638502 2219
638609 2216
638715 2215
638822 2215
638928 2215
639036 2216
639142 2214
639249 2216
639355 2220
639461 2216
639568 2216
639674 2215
639781 2216
639887 2214
639995 2220
640101 2216
640208 2216
640314 2217
640420 2213
640527 2217
640633 2213
640740 2214
640846 2215
640953 2215
641060 2216
641167 2213
641273 2215
641379 2215
641486 2217
641592 2239
641699 2216
641805 2216
641912 2217
642019 2214
642125 2214
642232 2215
642338 2156
642445 2213
642551 2216
642658 2216
642764 2225
642870 2217
642977 2211
643084 2232
643191 2214
643297 2218
643404 2216
643510 2209
643617 2218
643723 2215
643829 2217
643936 2215
644043 2213
644150 2214
644256 2215
644363 2222
644469 2212
644576 2214
644682 2217
644788 2270
644895 2214
645002 2214
645109 2214
645215 2216
645322 2215
645428 2216
645535 2206
645641 2218
645747 2215
645854 2218
645960 2216
646068 2215
646174 2215
646281 2215
646387 2233
646494 2214
646600 2215
646706 2217
646813 2284
646919 2217
647027 2214
647133 2214
647240 2223
647346 2218
647452 2216
647559 2215
647665 2218
647772 2217
647878 2216
647986 2225
648092 2216
648199 2217
648305 2215
648411 2208
648518 2215
648624 2216
648731 2220
648837 2219
648944 2220
649051 2217
649158 2217
649264 2223
649370 2216
649477 2218
649583 2219
649690 2216
649796 2215
649903 2219
650010 2218
650117 2219
650223 2216
650329 2217
650436 2227
650542 2219
650649 2218
650755 2217
650862 2218
650968 2218
651075 2220
651182 2217
651288 2139
651395 2219
651501 2218
651608 2217
651714 2214
651820 2217
651927 2219
652034 2217
652141 2220
652247 2220
652354 2217
652460 2217
652567 2218
652673 2220
652779 2218
652886 2217
652993 2217
653100 2217
653206 2217
653313 2168
653419 2218
653526 2216
653632 2218
653738 2161
653845 2222
653951 2219
654059 2226
654165 2218
654272 2216
654378 2217
654484 2218
654591 2214
654697 2217
654803 2217
654910 2219
655017 2219
655123 2219
655230 2218
655336 2220
655442 2219
655548 2213
655655 2217
655761 2235
655867 2216
655974 2218
656081 2219
656187 2298
656294 2216
656400 2219
656506 2216
656612 2270
656719 2217
656825 2217
656931 2217
657039 2214
657145 2218
657251 2217
657358 2215
657464 2212
657570 2215
657676 2217
657783 2216
657889 2215
657996 2218
658103 2215
658209 2215
658315 2218
658422 2217
658528 2218
658634 2213
658740 2218
658847 2217
658953 2220
659060 2226
659167 2215
659273 2214
659379 2218
659485 2217
659592 2215
659698 2216
659804 2217
659911 2217
660018 2217
660124 2215
660231 2217
660337 2247
660443 2216
660549 2213
660656 2215
660762 2303
660868 2216
660975 2217
661082 2214
661188 2167
661295 2215
661401 2215
661507 2216
661613 2230
661720 2218
661826 2217
661932 2216
662040 2217
662146 2217
662252 2218
662359 2217
662465 2217
662571 2217
662677 2217
662784 2209
662890 2217
662997 2217
663104 2215
663210 2213
663316 2214
663422 2215
663529 2218
663635 2218
663741 2219
663848 2215
663954 2217
664061 2332
664168 2215
664274 2218
664380 2217
664486 2123
664593 2218
664699 2218
664805 2217
664912 2216
665019 2215
665125 2217
665232 2218
665338 2218
665444 2212
665550 2218
665657 2217
665763 2254
665869 2217
665976 2218
666083 2219
666189 2218
666296 2223
666402 2218
666508 2219
666614 2216
666721 2218
666827 2215
666933 2200
667041 2217
667147 2217
667253 2216
667359 2219
667466 2218
667572 2219
667678 2214
667785 2219
667891 2215
667998 2220
668105 2218
668211 2202
668317 2220
668423 2217
668530 2218
668636 2216
668742 2220
668849 2217
668955 2217
669062 2308
669169 2218
669275 2220
669381 2219
669487 2286
669594 2218
669700 2218
669806 2216
669913 2214
670020 2220
670126 2220
670233 2218
670339 2219
670445 2219
670551 2218
670658 2219
670764 2219
670870 2222
670977 2219
671084 2213
671190 2220
671296 2219
671403 2219
671509 2218
671615 2219
671722 2218
671828 2217
671934 2225
672042 2218
672148 2221
672254 2219
672360 2222
672467 2219
672573 2219
672679 2218
672786 2224
672892 2220
672999 2218
673106 2220
673212 2144
673318 2220
673424 2218
673531 2221
673637 2149
673743 2219
673850 2219
673956 2219
674063 2204
674170 2218
674276 2219
674382 2218
674488 2214
674595 2215
674701 2216
674807 2218
674914 2217
675021 2221
675127 2219
675233 2220
675340 2221
675446 2214
675552 2218
675659 2219
675765 2219
675871 2218
675977 2217
676085 2224
676191 2215
676297 2216
676404 2217
676510 2232
676616 2218
676723 2217
676829 2218
676935 2230
677043 2218
677149 2219
677255 2218
677361 2207
677468 2217
677574 2218
677680 2217
677787 2294
677893 2217
678000 2218
678107 2218
678213 2092
678319 2216
678425 2213
678532 2217
678638 2284
678744 2217
678851 2219
678957 2219
679064 2216
679170 2217
679277 2216
679383 2217
679489 2215
679596 2216
679702 2217
679808 2227
679914 2219
680022 2216
680128 2221
680234 2216
680341 2218
680447 2216
680553 2216
680660 2202
680766 2215
680872 2218
680978 2218
681085 2208
681192 2216
681298 2216
681404 2216
681510 2208
681617 2216
681723 2216
681829 2217
681936 2422
682043 2211
682149 2213
682256 2211
682362 2185
682468 2214
682574 2216
682681 2217
682787 2265
682893 2216
683001 2220
683107 2216
683213 2217
683320 2217
683426 2217
683532 2216
683638 2214
683745 2217
683851 2214
683957 2217
684065 2215
684171 2217
684277 2214
684384 2217
684490 2217
684596 2215
684702 2217
684809 2212
684915 2213
685022 2217
685129 2217
685235 2214
685341 2215
685448 2219
685554 2220
685660 2232
685766 2217
685873 2220
685979 2218
686085 2226
686192 2219
686298 2217
686404 2218
686510 2217
686617 2217
686723 2218
686829 2217
686936 2222
687043 2214
687149 2216
687256 2215
687362 2243
687468 2217
687574 2216
687681 2216
687787 2263
687893 2215
688001 2221
688107 2218
688213 2218
688320 2219
688426 2218
688532 2216
688638 2217
688745 2216
688851 2217
688957 2218
689065 2214
689171 2222
689277 2217
689384 2218
689490 2221
689596 2216
689702 2218
689809 2217
689915 2215
690022 2217
690129 2217
690235 2228
690341 2218
690448 2218
690554 2217
690660 2223
690766 2217
690873 2220
690979 2223
691085 2219
691192 2216
691298 2217
691404 2218
691510 2145
691617 2218
691723 2217
691829 2217
691936 2223
692043 2223
692149 2219
692256 2219
692362 2226
692468 2218
692574 2216
692681 2220
692787 2219
692893 2218
693001 2220
693107 2218
693213 2218
693320 2219
693426 2217
693532 2219
693638 2219
693745 2221
693851 2219
693957 2222
694065 2217
694171 2218
694277 2214
694384 2216
694490 2220
694596 2215
694702 2219
694809 2198
694915 2219
695022 2218
695129 2218
695235 2220
695341 2219
695448 2228
695554 2218
695660 2228
695766 2219
695873 2219
695979 2219
696085 2396
696192 2218
696298 2219
696404 2219
696510 2171
696617 2219
696723 2219
696829 2218
696936 2132
697043 2216
697149 2217
697256 2216
697362 2217
697468 2216
697574 2219
697681 2217
697787 2233
697893 2218
698001 2220
698107 2222
698213 2219
698320 2219
698426 2218
698532 2219
698638 2216
698745 2219
698851 2216
698957 2213
699065 2218
699171 2216
699277 2218
699384 2210
699490 2220
699596 2217
699702 2219
699809 2221
699915 2215
700022 2220
700129 2217
700235 2220
700341 2218
700448 2220
700554 2216
700660 2213
700766 2211
700873 2218
700979 2215
701085 2051
701192 2217
701298 2219
701404 2217
701510 2209
701617 2216
701723 2217
701829 2217
701936 2300
702043 2219
702149 2214
702256 2215
702362 2212
702468 2214
702574 2213
702681 2213
702787 2002
702893 2213
703001 2219
703107 2219
703213 2216
703320 2217
703426 2216
703532 2216
703638 2217
703745 2218
703851 2216
703957 2216
704065 2216
704171 2214
704277 2216
704384 2219
704490 2216
704596 2215
704702 2216
704809 2219
704915 2213
705022 2217
705129 2218
705235 2218
705341 2217
705448 2217
705554 2217
705660 2239
705766 2218
705873 2217
705979 2218
706085 2210
706192 2219
706298 2218
706404 2215
706510 2220
706617 2212
706723 2215
706829 2216
706936 2140
707043 2215
707149 2215
707256 2215
707362 2377
707468 2215
707574 2215
707681 2216
707787 2094
707893 2216
708001 2218
708107 2214
708213 2207
708320 2218
708426 2215
708532 2220
708638 2218
708745 2217
708851 2218
708957 2231
709065 2219
709171 2218
709277 2217
709384 2218
709490 2216
709596 2220
709702 2217
709809 2212
709915 2218
710022 2219
710129 2219
710235 2275
710341 2219
710448 2219
710554 2220
710660 2212
710766 2219
710873 2220
710979 2219
711085 2218
711192 2217
711298 2217
711404 2217
711510 2157
711617 2220
711723 2219
711829 2219
711936 2136
712043 2217
712149 2216
712256 2216
712362 2154
712468 2218
712574 2216
712681 2219
712787 2226
712893 2217
713001 2217
713107 2220
713213 2221
713320 2218
713426 2219
713532 2196
713638 2220
713745 2218
713851 2218
713957 2235
714065 2218
714171 2218
714277 2219
714384 2220
714490 2219
714596 2219
714702 2218
714809 2212
714915 2218
715022 2220
715129 2222
715235 2151
715341 2219
715448 2219
715554 2218
715660 2221
715766 2215
715873 2219
715979 2217
716085 2208
716192 2219
716298 2219
716404 2220
716510 2264
716617 2221
716723 2217
716829 2219
716936 2225
717043 2214
717149 2220
717256 2217
717362 2240
717468 2214
717574 2217
717681 2215
717787 2215
717893 2218
718001 2219
718107 2201
718213 2217
718320 2215
718426 2217
718532 2231
718638 2217
718745 2218
718851 2217
718957 2214
719065 2215
719171 2217
719277 2216
719384 2210
719490 2215
719596 2216
719702 2215
719809 2212
719915 2218
720022 2217
720129 2214
720235 2226
720341 2217
720448 2217
720554 2213
720660 2195
720766 2217
720873 2218
720979 2218
721085 2179
721192 2219
721298 2215
721404 2217
721510 2227
721617 2216
721723 2211
721829 2215
721936 2235
722043 2214
722149 2214
722256 2215
722362 2207
722468 2217
722574 2214
722681 2216
722787 2215
722893 2216
723001 2216
723107 2211
723213 2215
723320 2217
723426 2219
723532 2205
723638 2217
723745 2219
723851 2220
723957 2219
724065 2217
724171 2216
724277 2215
724384 2208
724490 2216
724596 2218
724702 2216
724809 2223
724915 2219
725022 2216
725129 2217
725235 2226
725341 2217
725448 2217
725554 2217
725660 2158
725766 2216
725873 2217
725979 2217
726085 2135
726192 2217
726298 2213
726404 2218
726510 2262
726617 2219
726723 2218
726829 2219
726936 2218
727043 2214
727149 2215
727256 2215
727362 2221
727468 2220
727574 2218
727681 2215
727787 2215
727893 2217
728001 2220
728107 2211
728213 2220
728320 2219
728426 2221
728532 2231
728638 2219
728745 2216
728851 2216
728957 2220
729065 2219
729171 2220
729277 2216
729384 2224
729490 2220
729596 2220
729702 2218
729809 2223
729915 2219
730022 2219
730129 2221
730235 2229
730341 2218
730448 2218
730554 2216
730660 2238
730766 2221
730873 2219
730979 2218
731085 2311
731192 2220
731298 2217
731404 2220
731510 2188
731617 2215
731723 2219
731829 2219
731936 2215
732043 2219
732149 2219
732256 2219
732362 2216
732468 2216
732574 2216
732681 2219
732787 2213
732893 2218
733001 2217
733107 2219
733213 2219
733320 2215
733426 2220
733532 2222
733638 2218
733745 2220
733851 2218
733957 2214
734065 2219
734171 2222
734277 2216
734384 2214
734490 2218
734596 2218
734702 2217
734809 2208
734915 2216
735022 2218
735129 2217
735235 2159
735341 2218
735448 2216
735554 2218
735660 2254
735766 2218
735873 2218
735979 2220
736085 2217
736192 2213
736298 2218
736404 2214
736510 2207
736617 2217
736723 2214
736829 2218
736936 2194
737043 2219
737149 2216
737256 2217
737362 2214
737468 2215
737574 2213
737681 2217
737787 2218
737893 2212
738001 2217
738107 2222
738213 2217
738320 2217
738426 2219
738532 2221
738638 2218
738745 2218
738851 2219
738957 2212
739065 2217
739171 2214
739277 2217
739384 2202
739490 2219
739596 2216
739702 2217
739809 2214
739915 2217
740022 2219
740129 2216
740235 2298
740341 2218
740448 2216
740554 2214
740660 2205
740766 2215
740873 2214
740979 2215
741085 2216
741192 2215
741298 2215
741404 2219
741510 2206
741617 2218
741723 2214
741829 2218
741936 2397
742043 2216
742149 2217
742256 2217
742362 2218
742468 2216
742574 2215
742681 2216
742787 2216
742893 2215
743001 2218
743107 2218
743213 2216
743320 2216
743426 2217
743532 2220
743638 2219
743745 2215
743851 2217
743957 2215
744065 2219
744171 2217
744277 2218
744384 2219
744490 2218
744596 2216
744702 2217
744809 2219
744915 2214
745022 2217
745129 2216
745235 2160
745341 2217
745448 2214
745554 2212
745660 2299
745766 2216
745873 2215
745979 2218
746085 2229
746192 2217
746298 2216
746404 2217
746510 2287
746617 2216
746723 2215
746829 2217
746936 2117
747043 2217
747149 2212
747256 2215
747362 2217
747468 2215
747574 2216
747681 2216
747787 2216
747893 2217
748001 2219
748107 2230
748213 2217
748320 2216
748426 2219
748532 2217
748638 2218
748745 2219
748851 2206
748957 2218
749065 2218
749171 2212
749277 2218
749384 2216
749490 2218
749596 2219
749702 2217
749809 2387
749915 2218
750022 2217
750129 2218
750235 2307
750341 2218
750448 2218
750554 2219
750660 2316
750766 2222
750873 2218
750979 2221
751085 2215
751192 2213
751298 2217
751404 2218
751510 2195
751617 2217
751723 2219
751829 2218
751936 2220
752043 2219
752149 2218
752256 2217
752362 2219
752468 2217
752574 2219
752681 2216
752787 2219
752893 2218
753001 2218
753107 2218
753213 2218
753320 2221
753426 2220
753532 2218
753638 2221
753745 2222
753851 2217
753957 2217
754065 2220
754171 2221
754277 2217
754384 1956
754490 2219
754596 2220
754702 2219
754809 2268
754915 2218
755022 2220
755129 2219
755235 2295
755341 2219
755448 2217
755554 2219
755660 2221
755766 2217
755873 2218
755979 2217
756085 2181
756192 2218
756298 2219
756404 2215
756510 2269
756617 2220
756723 2218
756829 2220
756936 2214
757043 2217
757149 2219
757256 2216
757362 2219
757468 2215
757574 2217
757681 2217
757787 2215
757893 2217
758001 2218
758107 2222
758213 2219
758320 2217
758426 2217
758532 2217
758638 2215
758745 2215
758851 2221
758957 2208
759065 2216
759171 2215
759277 2217
759384 2133
759490 2216
759596 2215
759702 2215
759809 2203
759915 2214
760022 2218
760129 2219
760235 2214
760341 2215
760448 2215
760554 2215
760660 2268
760766 2216
760873 2217
760979 2215
761085 2184
761192 2216
761298 2214
761404 2217
761510 2164
761617 2218
761723 2216
761829 2217
761936 2211
762043 2214
762149 2216
762256 2207
762362 2215
762468 2209
762574 2216
762681 2220
762787 2216
762893 2214
763001 2215
763107 2218
763213 2216
763320 2217
763426 2217
763532 2209
763638 2216
763745 2219
763851 2218
763957 2223
764065 2212
764171 2215
764277 2215
764384 2199
764490 2216
764596 2217
764702 2216
764809 2212
764915 2215
765022 2217
765129 2215
765235 2186
765341 2218
765448 2216
765554 2220
765660 2237
765766 2218
765873 2218
765979 2219
766085 2266
766192 2218
766298 2217
766404 2216
766510 2200
766617 2218
766723 2218
766829 2217
766936 2217
767043 2214
767149 2216
767256 2202
767362 2219
767468 2218
767574 2217
767681 2210
767787 2216
767893 2221
768001 2218
768107 2217
768213 2221
768320 2219
768426 2221
768532 2221
768638 2218
768745 2219
768851 2218
768957 2217
769065 2217
769171 2219
769277 2219
769384 2223
769490 2231
769596 2218
769702 2219
769809 2219
769915 2219
770022 2219
770129 2217
770235 2134
770341 2217
770448 2218
770554 2218
770660 2242
770766 2216
770873 2214
770979 2219
771085 2202
771192 2216
771298 2217
771404 2217
771510 2221
771617 2217
771723 2218
771829 2218
771936 2219
772043 2218
772149 2219
772256 2203
772362 2217
772468 2217
772574 2218
772681 2228
772787 2220
772893 2214
773001 2221
773107 2225
773213 2220
773320 2214
773426 2218
773532 2215
773638 2221
773745 2219
773851 2228
773957 2217
774065 2221
774171 2217
774277 2220
774384 2295
774490 2217
774596 2217
774702 2220
774809 2272
774915 2219
775022 2218
775129 2218
775235 2271
775341 2216
775448 2216
775554 2220
775660 2184
775766 2220
775873 2219
775979 2211
776085 2215
776192 2218
776298 2218
776404 2216
776510 2220
776617 2217
776723 2218
776829 2218
776936 2220
777043 2216
777149 2216
777256 2232
777362 2215
777468 2217
777574 2215
777681 2215
777787 2217
777893 2217
778001 2218
778107 2220
778213 2217
778320 2218
778426 2215
778532 2220
778638 2218
778745 2219
778851 2217
778957 2207
779065 2216
779171 2216
779277 2213
779384 2315
779490 2220
779596 2218
779702 2216
779809 2301
779915 2217
780022 2217
780129 2217
780235 2197
780341 2216
780448 2213
780554 2216
780660 2224
780766 2216
780873 2216
780979 2214
781085 2218
781192 2217
781298 2218
781404 2215
781510 2220
781617 2216
781723 2220
781829 2218
781936 2216
782043 2215
782149 2216
782256 2218
782362 2217
782468 2215
782574 2216
782681 2199
782787 2216
782893 2213
783001 2217
783107 2218
783213 2217
783320 2218
783426 2216
783532 2207
783638 2214
783745 2217
783851 2217
783957 2214
784065 2216
784171 2214
784277 2218
784384 2322
784490 2217
784596 2215
784702 2212
784809 2317
784915 2214
785022 2219
785129 2217
785235 2216
785341 2217
785448 2217
785554 2215
785660 2215
785766 2218
785873 2220
785979 2219
786085 2223
786192 2220
786298 2220
786404 2217
786510 2216
786617 2224
786723 2217
786829 2218
786936 2213
787043 2217
787149 2215
787256 2222
787362 2213
787468 2216
787574 2216
787681 2218
787787 2216
787893 2218
788001 2217
788107 2216
788213 2215
788320 2219
788426 2218
788532 2213
788638 2215
788745 2220
788851 2221
788957 2209
789065 2219
789171 2216
789277 2217
789384 2138
789490 2217
789596 2218
789702 2214
789809 2223
789915 2219
790022 2217
790129 2217
790235 2215
790341 2218
790448 2219
790554 2221
790660 2218
790766 2219
790873 2217
790979 2220
791085 2218
791192 2217
791298 2217
791404 2217
791510 2217
791617 2218
791723 2219
791829 2220
791936 2218
792043 2216
792149 2219
792256 2219
792362 2217
792468 2219
792574 2217
792681 2226
792787 2220
792893 2219
793001 2215
793107 2225
793213 2220
793320 2221
793426 2219
793532 2225
793638 2219
793745 2218
793851 2219
793957 1958
794065 2217
794171 2218
794277 2221
794384 2235
794490 2222
794596 2221
794702 2219
794809 2192
794915 2215
795022 2219
795129 2220
795235 2218
795341 2220
795448 2218
795554 2219
795660 2217
795766 2216
795873 2218
795979 2218
796085 2221
796192 2219
796298 2228
796404 2219
796510 2220
796617 2220
796723 2219
796829 2219
796936 2220
797043 2218
797149 2219
797256 2214
797362 2220
797468 2218
797574 2217
797681 2215
797787 2215
797893 2215
798001 2219
798107 2223
798213 2218
798320 2216
798426 2218
798532 1981
798638 2217
798745 2216
798851 2218
798957 2158
799065 2218
799171 2216
799277 2214
799384 2186
799490 2216
799596 2217
799702 2216
799809 2185
799915 2216
800022 2217
800129 2217
800235 2219
800341 2211
800448 2218
800554 2217
800660 2216
800766 2214
800873 2215
800979 2216
801085 2219
801192 2215
801298 2218
801404 2216
801510 2214
801617 2218
801723 2212
801829 2213
801936 2218
802043 2215
802149 2217
802256 2211
802362 2215
802468 2214
802574 2214
802681 2217
802787 2216
802893 2214
803001 2215
803107 2330
803213 2212
803320 2216
803426 2215
803532 2056
803638 2218
803745 2217
803851 2218
803957 2240
804065 2214
804171 2215
804277 2213
804384 2191
804490 2217
804596 2214
804702 2217
804809 2176
804915 2215
805022 2216
805129 2215
805235 2217
805341 2218
805448 2219
805554 2217
805660 2217
805766 2218
805873 2217
805979 2220
806085 2217
806192 2219
806298 2215
806404 2218
806510 2214
806617 2218
806723 2215
806829 2211
806936 2219
807043 2215
807149 2217
807256 2206
807362 2218
807468 2217
807574 2217
807681 2199
807787 2215
807893 2218
808001 2218
808107 2034
808213 2220
808320 2217
808426 2220
808532 2239
808638 2217
808745 2220
808851 2216
808957 2220
809065 2219
809171 2220
809277 2218
809384 2295
809490 2218
809596 2216
809702 2213
809809 2175
809915 2216
810022 2220
810129 2220
810235 2222
810341 2219
810448 2218
810554 2219
810660 2218
810766 2220
810873 2216
810979 2220
811085 2219
811192 2221
811298 2217
811404 2210
811510 2221
811617 2218
811723 2220
811829 2211
811936 2219
812043 2219
812149 2220
812256 2200
812362 2220
812468 2213
812574 2216
812681 2230
812787 2216
812893 2217
813001 2217
813107 2247
813213 2220
813320 2217
813426 2218
813532 2221
813638 2219
813745 2219
813851 2217
813957 2216
814065 2220
814171 2218
814277 2218
814384 2111
814490 2217
814596 2218
814702 2219
814809 2367
814915 2217
815022 2219
815129 2218
815235 2218
815341 2218
815448 2216
815554 2218
815660 2217
815766 2217
815873 2218
815979 2219
816085 2215
816192 2220
816298 2219
816404 2212
816510 2217
816617 2218
816723 2218
816829 2212
816936 2218
817043 2217
817149 2214
817256 2234
817362 2215
817468 2215
817574 2214
817681 2218
817787 2215
817893 2215
818001 2218
818107 2223
818213 2216
818320 2217
818426 2217
818532 2278
818638 2218
818745 2219
818851 2218
818957 2205
819065 2214
819171 2212
819277 2217
819384 2393
819490 2217
819596 2217
819702 2218
819809 2106
819915 2215
820022 2216
820129 2215
820235 2217
820341 2219
820448 2218
820554 2205
820660 2214
820766 2218
820873 2218
820979 2235
821085 2216
821192 2216
821298 2215
821404 2210
821510 2223
821617 2217
821723 2219
821829 2222
821936 2218
822043 2215
822149 2215
822256 2221
822362 2215
822468 2214
822574 2217
822681 2215
822787 2211
822893 2216
823001 2220
823107 2195
823213 2217
823320 2218
823426 2227
823532 2154
823638 2216
823745 2215
823851 2215
823957 2173
824065 2217
824171 2214
824277 2217
824384 2136
824490 2216
824596 2216
824702 2217
824809 2228
824915 2217
825022 2220
825129 2206
825235 2219
825341 2216
825448 2216
825554 2208
825660 2215
825766 2217
825873 2217
825979 2235
826085 2219
826192 2217
826298 2218
826404 2217
826510 2218
826617 2219
826723 2219
826829 2217
826936 2213
827043 2218
827149 2214
827256 2214
827362 2217
827468 2214
827574 2216
827681 2213
827787 2215
827893 2215
828001 2218
828107 2141
828213 2216
828320 2216
828426 2218
828532 2145
828638 2220
828745 2219
828851 2220
828957 2123
829065 2219
829171 2217
829277 2220
829384 2218
829490 2216
829596 2217
829702 2217
829809 2215
829915 2214
830022 2220
830129 2218
830235 2219
830341 2218
830448 2218
830554 2200
830660 2220
830766 2221
830873 2218
830979 2207
831085 2219
831192 2218
831298 2219
831404 2219
831510 2220
831617 2218
831723 2221
831829 2206
831936 2220
832043 2218
832149 2217
832256 2215
832362 2219
832468 2218
832574 2218
832681 2222
832787 2220
832893 2217
833001 2216
833107 2308
833213 2220
833320 2221
833426 2219
833532 2320
833638 2222
833745 2218
833851 2220
833957 2211
834065 2218
834171 2219
834277 2219
834384 2224
834490 2219
834596 2220
834702 2219
834809 2218
834915 2220
835022 2214
835129 2224
835235 2218
835341 2220
835448 2217
835554 2195
835660 2218
835766 2219
835873 2217
835979 2217
836085 2221
836192 2217
836298 2219
836404 2207
836510 2221
836617 2221
836723 2219
836829 2219
836936 2218
837043 2218
837149 2219
837256 2224
837362 2219
837468 2215
837574 2218
837681 2229
837787 2218
837893 2216
838001 2216
838107 2272
838213 2215
838320 2217
838426 2214
838532 2219
838638 2214
838745 2214
838851 2221
838957 2201
839065 2218
839171 2218
839277 2216
839384 2216
839490 2217
839596 2218
839702 2209
839809 2218
839915 2217
840022 2218
840129 2201
840235 2217
840341 2221
840448 2216
840554 2220
840660 2215
840766 2217
840873 2215
840979 2214
841085 2218
841192 2219
841298 2216
841404 2219
841510 2216
841617 2218
841723 2216
841829 2215
841936 2215
842043 2216
842149 2217
842256 2220
842362 2215
842468 2210
842574 2213
842681 2213
842787 2216
842893 2216
843001 2215
843107 2187
843213 2215
843320 2216
843426 2217
843532 2187
843638 2216
843745 2216
843851 2218
843957 2268
844065 2215
844171 2208
844277 2212
844384 2217
844490 2217
844596 2214
844702 2217
844809 2216
844915 2219
845022 2216
845129 2220
845235 2214
845341 2217
845448 2217
845554 2218
845660 2219
845766 2217
845873 2219
845979 2217
846085 2217
846192 2218
846298 2216
846404 2223
846510 2213
846617 2212
846723 2216
846829 2207
846936 2215
847043 2215
847149 2216
847256 2217
847362 2217
847468 2215
847574 2216
847681 2312
847787 2217
847893 2218
848001 2217
848107 2190
848213 2220
848320 2224
848426 2218
848532 2262
848638 2219
848745 2220
848851 2218
848957 2226
849065 2217
849171 2219
849277 2214
849384 2228
849490 2220
849596 2219
849702 2219
849809 2216
849915 2218
850022 2218
850129 2213
850235 2221
850341 2220
850448 2220
850554 2215
850660 2219
850766 2219
850873 2217
850979 2218
851085 2218
851192 2222
851298 2218
851404 2216
851510 2221
851617 2221
851723 2219
851829 2215
851936 2220
852043 2219
852149 2218
852256 2341
852362 2223
852468 2215
852574 2217
852681 2270
852787 2216
852893 2218
853001 2220
853107 2218
853213 2221
853320 2220
853426 2222
853532 2173
853638 2217
853745 2222
853851 2210
853957 2213
854065 2216
854171 2220
854277 2218
854384 2220
854490 2218
854596 2217
854702 2221
854809 2217
854915 2217
855022 2218
855129 2225
855235 2219
855341 2218
855448 2218
855554 2230
855660 2215
855766 2218
855873 2218
855979 2220
856085 2220
856192 2217
856298 2220
856404 2215
856510 2219
856617 2222
856723 2219
856829 2220
856936 2218
857043 2217
857149 2218
857256 2347
857362 2214
857468 2217
857574 2215
857681 2199
857787 2216
857893 2216
858001 2215
858107 2189
858213 2217
858320 2217
858426 2218
858532 2211
858638 2218
858745 2218
858851 2216
858957 2286
859065 2216
859171 2215
859277 2217
859384 2214
859490 2219
859596 2218
859702 2215
859809 2218
859915 2219
860022 2215
860129 2234
860235 2216
860341 2214
860448 2217
860554 2216
860660 2213
860766 2215
860873 2217
860979 2223
861085 2214
861192 2218
861298 2218
861404 2224
861510 2217
861617 2215
861723 2216
861829 2219
861936 2218
862043 2215
862149 2216
862256 2210
862362 2216
862468 2216
862574 2216
862681 2197
862787 2216
862893 2217
863001 2217
863107 2213
863213 2217
863320 2219
863426 2215
863532 2388
863638 2214
863745 2218
863851 2214
863957 2344
864065 2217
864171 2216
864277 2219
864384 2219
864490 2218
864596 2216
864702 2217
864809 2218
864915 2214
865022 2218
865129 2220
865235 2219
865341 2217
865448 2218
865554 2217
865660 2216
865766 2219
865873 2219
865979 2228
866085 2218
866192 2217
866298 2217
866404 2220
866510 2215
866617 2214
866723 2217
866829 2207
866936 2215
867043 2218
867149 2217
867256 2218
867362 2216
867468 2215
867574 2214
867681 2151
867787 2216
867893 2217
868001 2219
868107 2373
868213 2215
868320 2217
868426 2217
868532 2345
868638 2217
868745 2216
868851 2218
868957 2196
869065 2223
869171 2218
869277 2218
869384 2219
869490 2219
869596 2219
869702 2226
869809 2219
869915 2216
870022 2218
870129 2220
870235 2213
870341 2217
870448 2215
870554 2216
870660 2219
870766 2222
870873 2220
870979 2210
871085 2220
871192 2219
871298 2219
871404 2220
871510 2218
871617 2216
871723 2216
871829 2222
871936 2214
872043 2218
